ID,Title,Artist,Category,Year,Deezer Rank,Times Played,Active
"itunes-1709149786","Better Place (From TROLLS Band Together)","*NSYNC & Justin Timberlake","Western Hits","2023",593578,0,"✓"
"itunes-326502240","Radja","/Rif","Anthem Tongkrongan","2004",69896,0,"✓"
"itunes-1440739968","Ticket to Heaven","3 Doors Down","Western Hits","2002",287830,0,"✓"
"3-pemuda-berbahaya-ikan-dalam-kolam-feat-lala-widy","Ikan Dalam Kolam (feat. Lala Widy)","3 Pemuda Berbahaya","Pop Jawa & Koplo","2023",100000,0,"✓"
"6-dogs-post-malone-feat-riz-la-vie","Post Malone (feat. RIZ LA VIE)","6 Dogs","Western Hits","2021",106987,0,"✓"
"a-great-big-world-christina-aguilera-say-something","Say Something","A Great Big World & Christina Aguilera","Western Hits","2013",819480,0,"✓"
"itunes-1199862659","Milikku","A. Rafiq","Pop Jawa & Koplo","2000",25576,0,"✓"
"itunes-1496571053","Pengalaman Pertama","A. Rafiq","Pop Jawa & Koplo","2001",6866,0,"✓"
"itunes-1496569523","Pandangan Pertama (Laki)","A. Rafiq","Pop Jawa & Koplo","2000",0,0,"✓"
"itunes-1193517885","Cantik","A. Rafiq","Pop Jawa & Koplo","2009",0,0,"✓"
"itunes-1199870879","Gaya Jenaka (feat. Rhoma Irama)","A. Rafiq","Pop Jawa & Koplo","2000",0,0,"✓"
"ada-band-siap-melepasmu","Siap Melepasmu","ADA Band","Nostalgia 2000s","2007",26629,0,"✓"
"ada-band-ku-curi-lagi-hatimu","Ku Curi Lagi Hatimu","ADA Band","Nostalgia 2000s","2007",25080,0,"✓"
"ada-band-tak-lagi-cinta","Tak Lagi Cinta","ADA Band","Nostalgia 2000s","2020",21237,0,"✓"
"ada-band-berharap-cinta","Berharap Cinta","ADA Band","Nostalgia 2000s","2020",2223,0,"✓"
"itunes-433408035","Killing Me Inside (feat. Sean Ryan)","ATB","Nostalgia 2000s","2011",164038,0,"✓"
"itunes-460383599","Killing Me Inside (Josh Gallahan RMX) [feat. Sean Ryan]","ATB","Nostalgia 2000s","2011",54010,0,"✓"
"itunes-1558420217","UTOPIA (Japanese Ver.)","ATEEZ","Nostalgia 2000s","2019",347240,0,"✓"
"ace-hood-element","Element","Ace Hood","Western Hits","2018",85726,0,"✓"
"ada-band-manusia-bodoh","Manusia Bodoh","Ada Band","Nostalgia 2000s","2004",174300,0,"✓"
"adele-set-fire-to-the-rain","Set Fire to the Rain","Adele","Western Hits","2011",972317,0,"✓"
"adele-skyfall","Skyfall","Adele","Western Hits","2012",954166,0,"✓"
"adele-rolling-in-the-deep","Rolling in the Deep","Adele","Western Hits","2010",937444,0,"✓"
"adele-easy-on-me","Easy On Me","Adele","Western Hits","2021",920837,0,"✓"
"adele-love-in-the-dark","Love in the Dark","Adele","Western Hits","2015",905665,0,"✓"
"adele-hello","Hello","Adele","Western Hits","2015",896464,0,"✓"
"adele-when-we-were-young","When We Were Young","Adele","Western Hits","2015",803243,0,"✓"
"adele-turning-tables","Turning Tables","Adele","Western Hits","2011",789357,0,"✓"
"adele-send-my-love-to-your-new-lover","Send My Love (To Your New Lover)","Adele","Western Hits","2015",768542,0,"✓"
"adele-all-i-ask","All I Ask","Adele","Western Hits","2015",743306,0,"✓"
"adele-water-under-the-bridge","Water Under the Bridge","Adele","Western Hits","2015",739318,0,"✓"
"adele-chasing-pavements","Chasing Pavements","Adele","Western Hits","2008",727626,0,"✓"
"adele-rumour-has-it","Rumour Has It","Adele","Western Hits","2011",706966,0,"✓"
"adele-make-you-feel-my-love","Make You Feel My Love","Adele","Western Hits","2008",674553,0,"✓"
"itunes-1766988773","Asumsi","Adrian Khalif & Bernadya","Galau Hits","2024",51475,0,"✓"
"itunes-1669413658","Sialan","Adrian Khalif & Juicy Luicy","Galau Hits","2023",156567,0,"✓"
"aerosmith-dream-on","Dream On","Aerosmith","Western Hits","1973",944126,0,"✓"
"aerosmith-cryin","Cryin'","Aerosmith","Western Hits","1993",806326,0,"✓"
"aerosmith-crazy","Crazy","Aerosmith","Western Hits","1993",772745,0,"✓"
"aerosmith-walk-this-way","Walk This Way","Aerosmith","Western Hits","1975",766548,0,"✓"
"aerosmith-sweet-emotion","Sweet Emotion","Aerosmith","Western Hits","1975",684020,0,"✓"
"aerosmith-dude-looks-like-a-lady","Dude (Looks Like a Lady)","Aerosmith","Western Hits","1987",646001,0,"✓"
"aerosmith-angel","Angel","Aerosmith","Western Hits","1987",616799,0,"✓"
"aerosmith-i-don-t-want-to-miss-a-thing","I Don't Want to Miss a Thing","Aerosmith","Western Hits","1998",612396,0,"✓"
"aerosmith-livin-on-the-edge","Livin' On The Edge","Aerosmith","Western Hits","1993",605861,0,"✓"
"aerosmith-come-together","Come Together","Aerosmith","Western Hits","1978",594359,0,"✓"
"aerosmith-janie-s-got-a-gun","Janie's Got a Gun","Aerosmith","Western Hits","1989",572112,0,"✓"
"aerosmith-rag-doll","Rag Doll","Aerosmith","Western Hits","1987",532346,0,"✓"
"aerosmith-what-it-takes","What It Takes","Aerosmith","Western Hits","1994",528760,0,"✓"
"aerosmith-love-in-an-elevator","Love In an Elevator","Aerosmith","Western Hits","1989",369521,0,"✓"
"itunes-1555548728","M.I.A (feat. Jackson Wang)","Afgan","Galau Hits","2021",124899,0,"✓"
"itunes-6803603994","Bukan Cinta Biasa","Afgan","Galau Hits","2010",107797,0,"✓"
"itunes-1555606428","touch me","Afgan","Galau Hits","2021",98208,0,"✓"
"itunes-1541046686","say i'm sorry","Afgan","Galau Hits","2021",94861,0,"✓"
"itunes-1555606416","if i don't have your love","Afgan","Galau Hits","2021",78128,0,"✓"
"itunes-1581842198","touch me (remix)","Afgan & Robin Thicke","Galau Hits","2021",50271,0,"✓"
"itunes-1341586514","Heaven","Afgan, Isyana Sarasvati & Rendy Pandugo","Galau Hits","2018",98588,0,"✓"
"itunes-1452860458","Feel So Right","Afgan, Isyana Sarasvati & Rendy Pandugo","Galau Hits","2019",26859,0,"✓"
"aftershine-kalah-feat-restianade","Kalah (feat. Restianade)","Aftershine","Pop Jawa & Koplo","2023",121481,0,"✓"
"aftershine-aku-ikhlas","Aku Ikhlas","Aftershine","Pop Jawa & Koplo","2020",100443,0,"✓"
"aftershine-yowes-modaro","Yowes Modaro","Aftershine","Pop Jawa & Koplo","2020",91824,0,"✓"
"aftershine-aku-sing-lungo","Aku Sing Lungo","Aftershine","Pop Jawa & Koplo","2021",11877,0,"✓"
"aftershine-buruh-cod","Buruh Cod","Aftershine","Pop Jawa & Koplo","2020",2228,0,"✓"
"aftershine-nangisi-lungamu","Nangisi Lungamu","Aftershine","Pop Jawa & Koplo","2021",1069,0,"✓"
"aftershine-kuatno-atimu-feat-damara-de","Kuatno Atimu (feat. Damara De)","Aftershine","Pop Jawa & Koplo","2022",0,0,"✓"
"aftershine-ora-iso-lali-feat-damara-de","Ora Iso Lali (feat. Damara De)","Aftershine","Pop Jawa & Koplo","2021",0,0,"✓"
"itunes-1861901668","Cinta Tak Pernah Tepat Waktu","Aina Abdul & Fabio Asher","Galau Hits","2024",11866,0,"✓"
"air-supply-making-love-out-of-nothing-at-all","Making Love out of Nothing at All","Air Supply","Western Hits","1982",752983,0,"✓"
"air-supply-all-out-of-love","All Out of Love","Air Supply","Western Hits","1979",702790,0,"✓"
"air-supply-lost-in-love","Lost in Love","Air Supply","Western Hits","1979",596498,0,"✓"
"air-supply-without-you","Without You","Air Supply","Western Hits","1991",584321,0,"✓"
"air-supply-even-the-nights-are-better","Even the Nights Are Better","Air Supply","Western Hits","1982",511695,0,"✓"
"air-supply-i-can-wait-forever","I Can Wait Forever","Air Supply","Western Hits","1984",494257,0,"✓"
"air-supply-every-woman-in-the-world","Every Woman in the World","Air Supply","Western Hits","1980",398660,0,"✓"
"air-supply-the-one-that-you-love","The One That You Love","Air Supply","Western Hits","1981",374353,0,"✓"
"air-supply-here-i-am-just-when-i-thought-i-was-over-you","Here I Am (Just When I Thought I Was over You)","Air Supply","Western Hits","1981",335742,0,"✓"
"air-supply-two-less-lonely-people-in-the-world","Two Less Lonely People in the World","Air Supply","Western Hits","1982",247632,0,"✓"
"air-supply-now-and-forever","Now and Forever","Air Supply","Western Hits","1982",178330,0,"✓"
"air-supply-chances","Chances","Air Supply","Western Hits","1980",124606,0,"✓"
"itunes-1706811952","The Killers","Aitana","Western Hits","2023",182584,0,"✓"
"alan-jackson-it-s-five-o-clock-somewhere-with-jimmy-buffett","It's Five O'Clock Somewhere (with Jimmy Buffett)","Alan Jackson","Nostalgia 2000s","2003",533457,0,"✓"
"itunes-255369593","Drive (For Daddy Gene)","Alan Jackson","Nostalgia 2000s","2002",474623,0,"✓"
"itunes-1196294581","Faded","Alan Walker","Western Hits","2015",878556,0,"✓"
"itunes-1202263655","Alone","Alan Walker","Western Hits","2016",757157,0,"✓"
"itunes-1277697262","The Spectre","Alan Walker","Western Hits","2017",687807,0,"✓"
"itunes-1414300769","Darkside (feat. Au/Ra & Tomine Harket)","Alan Walker","Western Hits","2018",667385,0,"✓"
"itunes-1196295123","Sing Me to Sleep","Alan Walker","Western Hits","2016",655408,0,"✓"
"itunes-1625863084","The Drum","Alan Walker","Western Hits","2022",542404,0,"✓"
"itunes-1235474551","Tired (feat. Gavin James)","Alan Walker","Western Hits","2017",528813,0,"✓"
"itunes-1196294706","Faded (Restrung)","Alan Walker","Western Hits","2016",519641,0,"✓"
"itunes-1196295329","Faded (Tiesto's Northern Lights Remix)","Alan Walker","Western Hits","2016",387418,0,"✓"
"itunes-1625863079","Somebody Like U","Alan Walker & Au/Ra","Western Hits","2022",521054,0,"✓"
"itunes-1491026687","Alone, Pt. II","Alan Walker & Ava Max","Western Hits","2019",771060,0,"✓"
"itunes-1569421372","Sweet Dreams","Alan Walker & Imanbek","Western Hits","2021",598180,0,"✓"
"itunes-1503301476","Heading Home","Alan Walker & Ruben","Western Hits","2020",438922,0,"✓"
"itunes-1435874648","Diamond Heart","Alan Walker & Sophia Somajo","Western Hits","2018",347262,0,"✓"
"itunes-1653435857","Lovesick","Alan Walker & Sophie Simmons","Western Hits","2022",427788,0,"✓"
"itunes-1445140836","Lost Control","Alan Walker & Sorana","Western Hits","2018",513372,0,"✓"
"itunes-1445141160","Darkside","Alan Walker, Au/Ra & Tomine Harket","Western Hits","2018",667385,0,"✓"
"itunes-1707235403","Better Off (Alone, Pt. III)","Alan Walker, Dash Berlin & Vikkstar","Western Hits","2023",730478,0,"✓"
"itunes-1575201476","Sweet Dreams (Alok Remix)","Alan Walker, Imanbek & Alok","Western Hits","2021",0,0,"✓"
"itunes-1445141002","Lily","Alan Walker, K-391 & Emelie Hollow","Western Hits","2018",636226,0,"✓"
"alice-lee-katie-ladner-barrett-wilbert-weed-elle-mclemore-seventeen-reprise","Seventeen (Reprise)","Alice Lee, Katie Ladner, Barrett Wilbert Weed & Elle McLemore","Nostalgia 2000s","2014",301477,0,"✓"
"all-stars-abadi","Abadi","All Stars","Nostalgia 2000s","2015",627970,0,"✓"
"all-stars-kemesraan","Kemesraan","All Stars","Nostalgia 2000s","1997",11087,0,"✓"
"itunes-1606935277","Headlights (feat. KIDDO)","Alok & Alan Walker","Western Hits","2022",832737,0,"✓"
"itunes-968213463","Noah","Amber Run","Western Hits","2015",147661,0,"✓"
"andien-tulus-vidi-semua-murid-semua-guru","Semua Murid Semua Guru","Andien, Tulus & VIDI","Galau Hits","2018",34416,0,"✓"
"itunes-1458386847","Hanya Rindu","Andmesh","Galau Hits","2019",167264,0,"✓"
"itunes-1483031827","Cinta Luar Biasa","Andmesh","Galau Hits","2018",165479,0,"✓"
"itunes-1459098773","Cinta Luar Biasa (Acoustic Version)","Andmesh","Galau Hits","2019",141738,0,"✓"
"itunes-1708611219","Talalu Sakit","Andmesh","Galau Hits","2023",88455,0,"✓"
"itunes-1674118304","Anugerah Terindah","Andmesh","Galau Hits","2023",86900,1,"✓"
"itunes-1641663972","Andaikan Kau Datang (From "Miracle in Cell No. 7")","Andmesh","Galau Hits","2022",71121,0,"✓"
"itunes-1483032070","Senyumlah","Andmesh","Galau Hits","2019",65677,0,"✓"
"itunes-1578786954","Bisa Tanpamu","Andmesh","Galau Hits","2021",64726,0,"✓"
"itunes-1483031838","Jangan Rubah Takdirku","Andmesh","Galau Hits","2017",53287,0,"✓"
"itunes-1483031828","Nyaman","Andmesh","Galau Hits","2019",51071,0,"✓"
"itunes-1483031831","Jangan Lupakan Aku","Andmesh","Galau Hits","2019",47517,0,"✓"
"itunes-1679748157","Luka","Andmesh","Galau Hits","2023",45763,0,"✓"
"itunes-1554410702","Tiba Tiba","Andmesh","Galau Hits","2021",41986,0,"✓"
"itunes-1483032062","Sampai Tua Nanti","Andmesh","Galau Hits","2019",30795,0,"✓"
"itunes-1708610681","Pelukis Pilu","Andmesh","Galau Hits","2023",26503,0,"✓"
"itunes-1651365144","Putus Tapi Cinta","Andmesh","Galau Hits","2022",23131,0,"✓"
"itunes-1483031830","Kumau Dia","Andmesh","Galau Hits","2019",15439,0,"✓"
"itunes-1597249302","Ego","Andmesh","Galau Hits","2021",3425,0,"✓"
"itunes-1450153042","Five","Angel Du$t","Western Hits","2019",70912,0,"✓"
"anggi-marito-tak-seindah-mimpi","Tak Segampang Itu","Anggi Marito","Galau Hits","2023",145031,0,"✓"
"itunes-1639370130","SEMESTA","Anggis Devaki","Galau Hits","2022",100000,0,"✓"
"itunes-1607804570","Jaga Cintamu","Anggis Devaki","Galau Hits","2022",100000,0,"✓"
"itunes-1839448180","Bertahan Atau Menyerah","Anggis Devaki","Galau Hits","2025",100000,0,"✓"
"itunes-1709630307","Bodoh","Anggis Devaki","Galau Hits","2023",100000,0,"✓"
"itunes-1839448175","Penyesalanmu Nanti","Anggis Devaki","Galau Hits","2025",100000,0,"✓"
"itunes-1839448162","Iman Tak Restui","Anggis Devaki","Galau Hits","2025",100000,0,"✓"
"itunes-1781218915","Dirimu Yang Dulu","Anggis Devaki","Galau Hits","2024",98992,0,"✓"
"itunes-6793970088","Untuk Kau Hargai","Anggis Devaki","Galau Hits","2026",78476,0,"✓"
"itunes-1732442741","Kisah Tanpa Dirimu","Anggis Devaki","Galau Hits","2024",39859,0,"✓"
"itunes-1500821600","Tutup Hati","Anggis Devaki","Galau Hits","2020",24798,0,"✓"
"itunes-1525852343","Terdiam","Anggis Devaki","Galau Hits","2020",17749,0,"✓"
"itunes-1752705552","Jatuh Rapuh","Anggis Devaki","Galau Hits","2024",11639,0,"✓"
"itunes-1794051044","Lewat Semesta (From "TABAYYUN")","Anggis Devaki","Galau Hits","2025",10308,0,"✓"
"itunes-1475756034","Dekat Denganmu","Anggis Devaki","Galau Hits","2019",0,0,"✓"
"itunes-1821598203","Percuma","Anggis Devaki & Betrand Putra Onsu","Galau Hits","2025",68304,0,"✓"
"itunes-1368025193","Dia","Anji","Galau Hits","2016",857276,0,"✓"
"itunes-1356041792","Menunggu Kamu (From "Jelita Sejuba")","Anji","Galau Hits","2018",25179,0,"✓"
"itunes-1113588621","OMG (feat. Snoop Dogg)","Arash","Western Hits","2016",629777,0,"✓"
"itunes-405999644","Broken Angel (feat. Helena)","Arash","Western Hits","2008",612589,0,"✓"
"itunes-79578597","Temptation","Arash","Western Hits","2005",369092,0,"✓"
"itunes-1336563124","Dooset Daram (feat. Helena) [Radio Version]","Arash","Western Hits","2017",239973,0,"✓"
"itunes-1598978732","i've always loved you","Arash Buana","Galau Hits","2021",111395,0,"✓"
"itunes-1628524966","i'll be friend's with you (phone recorded)","Arash Buana","Galau Hits","2020",103758,0,"✓"
"itunes-1628536221","Rest of My Life (feat. Ashira Zamita)","Arash Buana","Galau Hits","2019",98195,0,"✓"
"itunes-1628528820","stars","Arash Buana","Galau Hits","2021",85378,0,"✓"
"itunes-1727168830","i really do love her <3","Arash Buana","Galau Hits","2024",66718,0,"✓"
"itunes-1636045603","we'll be okay, for today (feat. Anya Taroreh)","Arash Buana","Galau Hits","2022",35595,0,"✓"
"itunes-1628526004","say you're done with me","Arash Buana","Galau Hits","2020",32847,0,"✓"
"itunes-1628523666","see u tomorrow","Arash Buana","Galau Hits","2020",26124,0,"✓"
"itunes-1628524535","if i disappear","Arash Buana","Galau Hits","2021",24267,0,"✓"
"itunes-1756946933","hey, i'm tired","Arash Buana","Galau Hits","2024",21456,0,"✓"
"itunes-1636044836","over the moon","Arash Buana","Galau Hits","2022",21378,0,"✓"
"itunes-1636044850","anything 4 u","Arash Buana","Galau Hits","2022",11989,0,"✓"
"itunes-1628524846","Quarantine Love (Phone Recorded)","Arash Buana","Galau Hits","2020",10158,0,"✓"
"itunes-1628528367","Could Be…","Arash Buana","Galau Hits","2019",6070,0,"✓"
"itunes-1628525311","depressed sometimes","Arash Buana","Galau Hits","2020",3093,0,"✓"
"itunes-1628529403","teddy bear.—","Arash Buana","Galau Hits","2020",2230,0,"✓"
"itunes-1628527244","if u could see me cryin' in my room","Arash Buana & Raissa Anggiani","Galau Hits","2020",155858,0,"✓"
"arctic-monkeys-505","505","Arctic Monkeys","Western Hits","2007",955800,0,"✓"
"arctic-monkeys-do-i-wanna-know","Do I Wanna Know?","Arctic Monkeys","Western Hits","2013",931645,0,"✓"
"arctic-monkeys-i-wanna-be-yours","I Wanna Be Yours","Arctic Monkeys","Western Hits","2013",929035,0,"✓"
"arctic-monkeys-why-d-you-only-call-me-when-you-re-high","Why'd You Only Call Me When You're High?","Arctic Monkeys","Western Hits","2013",868037,0,"✓"
"arctic-monkeys-no-1-party-anthem","No. 1 Party Anthem","Arctic Monkeys","Western Hits","2013",864849,0,"✓"
"arctic-monkeys-r-u-mine","R U Mine?","Arctic Monkeys","Western Hits","2012",856906,0,"✓"
"arctic-monkeys-fluorescent-adolescent","Fluorescent Adolescent","Arctic Monkeys","Western Hits","2007",825172,0,"✓"
"arctic-monkeys-snap-out-of-it","Snap Out of It","Arctic Monkeys","Western Hits","2013",763019,0,"✓"
"arctic-monkeys-arabella","Arabella","Arctic Monkeys","Western Hits","2013",731001,0,"✓"
"arctic-monkeys-knee-socks","Knee Socks","Arctic Monkeys","Western Hits","2013",713235,0,"✓"
"arctic-monkeys-one-for-the-road","One for the Road","Arctic Monkeys","Western Hits","2013",676946,0,"✓"
"arctic-monkeys-fireside","Fireside","Arctic Monkeys","Western Hits","2013",646835,0,"✓"
"arctic-monkeys-i-want-it-all","I Want It All","Arctic Monkeys","Western Hits","2013",629135,0,"✓"
"arctic-monkeys-a-certain-romance","A Certain Romance","Arctic Monkeys","Western Hits","2006",616906,0,"✓"
"arctic-monkeys-brianstorm","Brianstorm","Arctic Monkeys","Western Hits","2007",317268,0,"✓"
"ardhito-pramono-plaza-avenue","Plaza Avenue","Ardhito Pramono","Galau Hits","2020",192857,0,"✓"
"ardhito-pramono-bitterlove","Bitterlove","Ardhito Pramono","Galau Hits","2018",160642,0,"✓"
"ardhito-pramono-the-bitterlove","The Bitterlove","Ardhito Pramono","Galau Hits","2017",160642,0,"✓"
"ardhito-pramono-waking-up-together-with-you","Waking Up Together With You","Ardhito Pramono","Galau Hits","2023",80791,0,"✓"
"ardhito-pramono-here-we-go-again-fanboi","Here We Go Again / Fanboi","Ardhito Pramono","Galau Hits","2020",78002,0,"✓"
"ardhito-pramono-925","925","Ardhito Pramono","Galau Hits","2020",69730,0,"✓"
"ardhito-pramono-fake-optics","Fake Optics","Ardhito Pramono","Galau Hits","2019",40714,0,"✓"
"ardhito-pramono-the-sun","The Sun","Ardhito Pramono","Galau Hits","2017",40604,0,"✓"
"ardhito-pramono-cigarettes-of-ours","Cigarettes of Ours","Ardhito Pramono","Galau Hits","2019",39893,0,"✓"
"ardhito-pramono-superstar","Superstar","Ardhito Pramono","Galau Hits","2019",21580,0,"✓"
"ardhito-pramono-what-do-you-feel-about-me","What Do You Feel About Me","Ardhito Pramono","Galau Hits","2017",15881,0,"✓"
"itunes-533696382","Tulus","Ari Lasso","Galau Hits","2003",18493,0,"✓"
"itunes-534446628","Aku Dan Dirimu","Ari Lasso & Bunga Citra Lestari","Galau Hits","2008",103782,0,"✓"
"ari-lasso-melly-goeslaw-jika","Jika","Ari Lasso & Melly Goeslaw","Galau Hits","1999",12697,0,"✓"
"ariana-grande-hate-that-i-made-you-love-me","hate that i made you love me","Ariana Grande","Western Hits","2026",999011,0,"✓"
"ariana-grande-we-can-t-be-friends-wait-for-your-love","we can't be friends (wait for your love)","Ariana Grande","Western Hits","2024",917564,0,"✓"
"ariana-grande-one-last-time","One Last Time","Ariana Grande","Western Hits","2014",913756,0,"✓"
"ariana-grande-into-you","Into You","Ariana Grande","Western Hits","2016",907086,0,"✓"
"ariana-grande-let-me-love-you-feat-lil-wayne","Let Me Love You (feat. Lil Wayne)","Ariana Grande","Western Hits","2016",813759,0,"✓"
"ariana-grande-break-free-feat-zedd","Break Free (feat. Zedd)","Ariana Grande","Western Hits","2014",805614,0,"✓"
"ariana-grande-pov","pov","Ariana Grande","Western Hits","2020",648634,0,"✓"
"ariana-grande-the-way-feat-mac-miller","The Way (feat. Mac Miller)","Ariana Grande","Western Hits","2013",639472,0,"✓"
"ariana-grande-nathan-sykes-almost-is-never-enough","Almost Is Never Enough","Ariana Grande & Nathan Sykes","Western Hits","2013",539606,0,"✓"
"ariana-grande-the-weeknd-love-me-harder","Love Me Harder","Ariana Grande & The Weeknd","Western Hits","2014",915377,0,"✓"
"armada-asal-kau-bahagia","Asal Kau Bahagia","Armada","Anthem Tongkrongan","2017",178011,0,"✓"
"armani-white-billie-eilish","BILLIE EILISH.","Armani White","Western Hits","2022",644137,0,"✓"
"asake-muse","Muse","Asake","Western Hits","2022",303163,0,"✓"
"atzmus-goliat","Goliat","Atzmus","Nostalgia 2000s","2018",26313,0,"✓"
"a7x-dear-god","Dear God","Avenged Sevenfold","Western Hits","2007",634143,0,"✓"
"avicii-levels","Levels","Avicii","Western Hits","2011",898187,0,"✓"
"avicii-levels-radio-edit","Levels (Radio Edit)","Avicii","Western Hits","2011",898187,0,"✓"
"avicii-the-nights","The Nights","Avicii","Western Hits","2014",886120,0,"✓"
"avicii-waiting-for-love","Waiting For Love","Avicii","Western Hits","2015",885267,0,"✓"
"avicii-hey-brother","Hey Brother","Avicii","Western Hits","2013",878621,0,"✓"
"avicii-addicted-to-you","Addicted To You","Avicii","Western Hits","2013",861776,0,"✓"
"avicii-lonely-together-feat-rita-ora","Lonely Together (feat. Rita Ora)","Avicii","Western Hits","2017",720868,0,"✓"
"avicii-heaven","Heaven","Avicii","Western Hits","2019",698907,0,"✓"
"avicii-for-a-better-day","For a Better Day","Avicii","Western Hits","2015",672125,0,"✓"
"avicii-silhouettes-radio-edit","Silhouettes (Radio Edit)","Avicii","Western Hits","2012",622709,0,"✓"
"avicii-the-days","The Days","Avicii","Western Hits","2014",608997,0,"✓"
"avicii-the-nights-felix-jaehn-remix","The Nights (Felix Jaehn Remix)","Avicii","Western Hits","2014",313810,0,"✓"
"itunes-315025823","Complicated","Avril Lavigne","Western Hits","2002",871298,0,"✓"
"itunes-315025828","I'm with You","Avril Lavigne","Western Hits","2002",780070,0,"✓"
"itunes-315025826","Sk8er Boi","Avril Lavigne","Western Hits","2002",776103,0,"✓"
"itunes-532458095","What the Hell","Avril Lavigne","Western Hits","2011",698325,0,"✓"
"itunes-268993517","When You're Gone","Avril Lavigne","Western Hits","2007",671542,0,"✓"
"itunes-315025821","Losing Grip","Avril Lavigne","Western Hits","2002",604701,0,"✓"
"itunes-709175317","Let Me Go (feat. Chad Kroeger)","Avril Lavigne","Western Hits","2013",565945,0,"✓"
"itunes-268993837","Keep Holding On","Avril Lavigne","Western Hits","2006",550360,0,"✓"
"itunes-709175321","Hello Kitty","Avril Lavigne","Western Hits","2013",523858,0,"✓"
"itunes-315025933","Things I'll Never Say","Avril Lavigne","Western Hits","2002",519225,0,"✓"
"itunes-1476002730","Head Above Water (feat. We the Kings)","Avril Lavigne","Western Hits","2018",506038,0,"✓"
"itunes-1744965626","Head Above Water","Avril Lavigne","Western Hits","2018",506038,0,"✓"
"itunes-315025931","Anything but Ordinary","Avril Lavigne","Western Hits","2002",500909,0,"✓"
"itunes-533017287","Take Me Away","Avril Lavigne","Western Hits","2004",480279,0,"✓"
"itunes-1810755792","Young & Dumb (feat. Simple Plan)","Avril Lavigne","Western Hits","2025",478551,0,"✓"
"itunes-1651857182","I’m a Mess (with YUNGBLUD)","Avril Lavigne","Western Hits","2022",477996,0,"✓"
"itunes-268993496","The Best Damn Thing","Avril Lavigne","Western Hits","2007",457379,0,"✓"
"itunes-1445138374","Warrior","Avril Lavigne","Western Hits","2019",366309,0,"✓"
"itunes-533017353","Nobody's Home","Avril Lavigne","Western Hits","2004",0,0,"✓"
"itunes-533017356","Fall to Pieces","Avril Lavigne","Western Hits","2004",0,0,"✓"
"itunes-533017358","Slipped Away","Avril Lavigne","Western Hits","2004",0,0,"✓"
"itunes-1018150597","Sik Asik","Ayu Ting Ting","Pop Jawa & Koplo","2015",65150,0,"✓"
"itunes-1018150595","Sambalado","Ayu Ting Ting","Pop Jawa & Koplo","2015",51013,0,"✓"
"itunes-1534713366","TATITUT","Ayu Ting Ting","Pop Jawa & Koplo","2020",38591,0,"✓"
"itunes-1647022376","Sakit Tanpa Luka","Ayu Ting Ting","Pop Jawa & Koplo","2022",26926,0,"✓"
"itunes-953496409","Geboy Mujair","Ayu Ting Ting","Pop Jawa & Koplo","2014",22366,0,"✓"
"itunes-1265746391","Indonesiaku Berkarya Untuk Mu","Ayu Ting Ting","Pop Jawa & Koplo","2015",21857,0,"✓"
"itunes-1524252032","Cemburu Mantanmu","Ayu Ting Ting","Pop Jawa & Koplo","2020",21534,0,"✓"
"itunes-1466773378","Apalah Cinta (feat. Keremcem)","Ayu Ting Ting","Pop Jawa & Koplo","2019",15792,0,"✓"
"itunes-1018150601","Kekasihku","Ayu Ting Ting","Pop Jawa & Koplo","2015",11647,0,"✓"
"itunes-1018150234","Suara Hati","Ayu Ting Ting","Pop Jawa & Koplo","2015",10269,0,"✓"
"itunes-1170856705","Indonesia Jaya (feat. Citra Scholastika & Agatha Chelsea)","Ayu Ting Ting","Pop Jawa & Koplo","2016",10056,0,"✓"
"itunes-1018150600","Yang Sudah Ya Sudahlah","Ayu Ting Ting","Pop Jawa & Koplo","2015",1623,0,"✓"
"itunes-1018150603","Suara Hati (Acoustic Version)","Ayu Ting Ting","Pop Jawa & Koplo","2015",0,0,"✓"
"itunes-1018150602","Indonesia Ku Berkarya Hanya Untukmu","Ayu Ting Ting","Pop Jawa & Koplo","2015",0,0,"✓"
"itunes-1382551732","Hanya Kamu (From "Dimsumartabak")","Ayu Ting Ting & Boy William","Pop Jawa & Koplo","2018",0,0,"✓"
"itunes-534146726","Tak Mau Sendiri","Ayushita","Nostalgia 2000s","2007",0,0,"✓"
"itunes-1585988707","Lost At Sea (Illa Illa 2)","B.I, Bipolar Sunshine & Afgan","Galau Hits","2021",237817,0,"✓"
"itunes-1046470335","Best Friend Forever","BBB","Nostalgia 2000s","2015",101484,0,"✓"
"itunes-534146627","Bukan Bintang Biasa","BBB","Nostalgia 2000s","2007",0,0,"✓"
"bts-make-it-right-feat-lauv","Make It Right (feat. Lauv)","BTS","Western Hits","2019",548121,0,"✓"
"itunes-1836988042","Power","Babes on the Run","Nostalgia 2000s","2025",385756,0,"✓"
"itunes-1837204951","Power (Radio Edit)","Babes on the Run","Nostalgia 2000s","2025",314965,0,"✓"
"itunes-283567164","I Want It That Way","Backstreet Boys","Western Hits","1999",900741,0,"✓"
"itunes-308611112","As Long as You Love Me","Backstreet Boys","Western Hits","1997",723635,0,"✓"
"itunes-308611074","Quit Playing Games (With My Heart)","Backstreet Boys","Western Hits","1996",694499,0,"✓"
"itunes-308611114","Everybody (Backstreet's Back) [Extended Version]","Backstreet Boys","Western Hits","1997",681894,0,"✓"
"itunes-283567163","Larger Than Life","Backstreet Boys","Western Hits","1999",673143,0,"✓"
"itunes-308611072","We've Got It Goin' On (Radio Edit)","Backstreet Boys","Western Hits","1995",672879,0,"✓"
"itunes-283567165","Show Me the Meaning of Being Lonely","Backstreet Boys","Western Hits","1999",658779,0,"✓"
"itunes-303171282","Shape of My Heart","Backstreet Boys","Western Hits","2000",657738,0,"✓"
"itunes-308522766","Drowning","Backstreet Boys","Western Hits","2001",655157,0,"✓"
"itunes-308611125","All I Have to Give","Backstreet Boys","Western Hits","1997",621593,0,"✓"
"itunes-303171279","The Call","Backstreet Boys","Western Hits","2000",610411,0,"✓"
"itunes-298366973","Incomplete","Backstreet Boys","Western Hits","2005",596335,0,"✓"
"itunes-283567170","The One","Backstreet Boys","Western Hits","1999",582986,0,"✓"
"itunes-308611184","I'll Never Break Your Heart","Backstreet Boys","Western Hits","1995",577297,0,"✓"
"itunes-283567166","It's Gotta Be You","Backstreet Boys","Western Hits","1999",572113,0,"✓"
"itunes-283567168","Don't Want You Back","Backstreet Boys","Western Hits","1999",520385,0,"✓"
"itunes-1441172040","No Place","Backstreet Boys","Western Hits","2019",488239,0,"✓"
"itunes-1441172038","Chances","Backstreet Boys","Western Hits","2018",443525,0,"✓"
"itunes-1383082918","Don't Go Breaking My Heart","Backstreet Boys","Western Hits","2018",419604,0,"✓"
"itunes-1639886289","Winter Wonderland","Backstreet Boys","Western Hits","2022",133048,0,"✓"
"itunes-308611201","Get Down (You're the One for Me) [LP Edit No Rap]","Backstreet Boys","Western Hits","1996",0,0,"✓"
"itunes-1332785430","Ecoutez-moi","Bagarre","Nostalgia 2000s","2018",0,0,"✓"
"itunes-1861952191","Utopia (DALI Remix)","Bang La Decks","Nostalgia 2000s","2026",62599,0,"✓"
"itunes-1699730098","Terbuang Dalam Waktu","Barasuara","Anthem Tongkrongan","2023",173312,0,"✓"
"itunes-1750878278","Merayakan Fana","Barasuara","Anthem Tongkrongan","2023",109726,0,"✓"
"itunes-1750878647","Hitam Dan Biru","Barasuara","Anthem Tongkrongan","2024",95540,0,"✓"
"itunes-1453697682","Pancarona","Barasuara","Anthem Tongkrongan","2019",81818,0,"✓"
"itunes-1453697687","Haluan","Barasuara","Anthem Tongkrongan","2019",64769,0,"✓"
"itunes-1453697680","Guna Manusia","Barasuara","Anthem Tongkrongan","2018",58400,0,"✓"
"itunes-1824286479","Terbuang Dalam Waktu (Piano Version)","Barasuara","Anthem Tongkrongan","2025",54722,0,"✓"
"itunes-1750878282","Habis Gelap","Barasuara","Anthem Tongkrongan","2024",52933,0,"✓"
"itunes-1453697666","Seribu Racun","Barasuara","Anthem Tongkrongan","2019",51374,0,"✓"
"itunes-1750878274","Etalase","Barasuara","Anthem Tongkrongan","2024",49856,0,"✓"
"itunes-1453697684","Tentukan Arah","Barasuara","Anthem Tongkrongan","2019",46908,0,"✓"
"itunes-1453697679","Pikiran Dan Perjalanan","Barasuara","Anthem Tongkrongan","2019",46907,0,"✓"
"itunes-1750878285","Fatalis","Barasuara","Anthem Tongkrongan","2022",41200,0,"✓"
"itunes-1750878260","Antea","Barasuara","Anthem Tongkrongan","2024",39227,0,"✓"
"itunes-1750878632","Biyang","Barasuara","Anthem Tongkrongan","2024",38648,0,"✓"
"itunes-1750878690","Manusia (Sumarah)","Barasuara","Anthem Tongkrongan","2024",32499,0,"✓"
"itunes-1525752996","Bangkit Dan Berlari","Barasuara","Anthem Tongkrongan","2020",31477,0,"✓"
"itunes-1453697690","Samara","Barasuara","Anthem Tongkrongan","2019",30921,0,"✓"
"itunes-1453697686","Masa Mesias Mesias","Barasuara","Anthem Tongkrongan","2019",30921,0,"✓"
"bayou-muse","MUSE","Bayou","Western Hits","2021",73218,0,"✓"
"itunes-1872791819","Rossa","Benelli","Galau Hits","2019",92431,0,"✓"
"itunes-883558369","Gambang Semarang","Benyamin S.","Anthem Tongkrongan","2002",26275,0,"✓"
"itunes-883557177","Malam Minggu (Nonton Bioskop)","Benyamin S.","Anthem Tongkrongan","2006",26231,0,"✓"
"itunes-883574534","Siti Marsitol","Benyamin S.","Anthem Tongkrongan","2007",26184,0,"✓"
"itunes-883550629","Sang Bango","Benyamin S.","Anthem Tongkrongan","2006",21704,0,"✓"
"itunes-883550634","Superman","Benyamin S.","Anthem Tongkrongan","2006",18518,0,"✓"
"itunes-883573373","Sepak Bola","Benyamin S.","Anthem Tongkrongan","2007",18509,0,"✓"
"itunes-883550628","Badminton","Benyamin S.","Anthem Tongkrongan","2006",18391,0,"✓"
"itunes-883558373","Penganten Sunat","Benyamin S.","Anthem Tongkrongan","2002",18236,0,"✓"
"itunes-898554152","Ondel-Ondel","Benyamin S.","Anthem Tongkrongan","2005",10140,0,"✓"
"itunes-883572949","Minta Duit","Benyamin S.","Anthem Tongkrongan","2004",2759,0,"✓"
"itunes-883550615","Kompor Meleduk","Benyamin S.","Anthem Tongkrongan","2006",2129,0,"✓"
"itunes-1347127930","Hujan Gerimis (feat. Ida Royani) [Klasik]","Benyamin S.","Anthem Tongkrongan","2018",0,0,"✓"
"bernadya-satu-bulan","Satu Bulan","Bernadya","Galau Hits","2024",114571,0,"✓"
"bernadya-kata-mereka","Kata Mereka Ini Berlebihan","Bernadya","Galau Hits","2024",83535,0,"✓"
"itunes-1749173578","The Blood (feat. Mitch Wong)","Bethel Music & Jenn Johnson","Nostalgia 2000s","2022",383964,0,"✓"
"itunes-1557489409","Salah Mencintai","Betrand Putra Onsu","Galau Hits","2021",22355,0,"✓"
"itunes-1549136249","Sekali Lagi","Betrand Putra Onsu","Galau Hits","2021",11569,0,"✓"
"itunes-1542930812","Kita Semua Sama","Betrand Putra Onsu","Galau Hits","2020",10258,0,"✓"
"itunes-1624944393","Setengah Hati","Betrand Putra Onsu","Galau Hits","2022",10110,0,"✓"
"itunes-1582179507","Ayahku","Betrand Putra Onsu","Galau Hits","2021",1069,0,"✓"
"itunes-1531461616","Bulan Bintang","Betrand Putra Onsu","Galau Hits","2020",11,0,"✓"
"itunes-1797496031","Diam - Diam","Betrand Putra Onsu","Galau Hits","2025",0,0,"✓"
"itunes-1567088752","Deritaku (Korean Version)","Betrand Putra Onsu","Galau Hits","2021",0,0,"✓"
"itunes-1644017621","Aku dan Mantanmu","Betrand Putra Onsu","Galau Hits","2022",0,0,"✓"
"itunes-1686522723","Inikah Cinta","Betrand Putra Onsu","Galau Hits","2023",0,0,"✓"
"itunes-1728471681","Sulit","Betrand Putra Onsu","Galau Hits","2024",0,0,"✓"
"itunes-1713929479","Selingan","Betrand Putra Onsu","Galau Hits","2023",0,0,"✓"
"itunes-1584923943","Sahabat Tak Akan Pergi","Betrand Putra Onsu & Anneth","Galau Hits","2021",65456,0,"✓"
"beyonc-morning-dew-donk","MORNING DEW (DONK)","Beyoncé","Western Hits","2026",865611,0,"✓"
"beyonc-drunk-in-love-feat-ja-z","Drunk In Love (feat. JAŸ-Z)","Beyoncé","Western Hits","2013",828533,0,"✓"
"beyonc-irreplaceable","Irreplaceable","Beyoncé","Western Hits","2006",784454,0,"✓"
"beyonc-baby-boy-feat-sean-paul","Baby Boy (feat. Sean Paul)","Beyoncé","Western Hits","2003",776536,0,"✓"
"beyonc-love-on-top","Love On Top","Beyoncé","Western Hits","2011",767816,0,"✓"
"beyonc-1-1","1+1","Beyoncé","Western Hits","2011",740741,0,"✓"
"beyonc-best-thing-i-never-had","Best Thing I Never Had","Beyoncé","Western Hits","2011",712864,0,"✓"
"beyonc-dance-for-you","Dance For You","Beyoncé","Western Hits","2011",565157,0,"✓"
"beyonc-i-was-here","I Was Here","Beyoncé","Western Hits","2011",550627,0,"✓"
"beyonc-party-feat-andr-3000","Party (feat. André 3000)","Beyoncé","Western Hits","2011",535170,0,"✓"
"beyonc-i-d-rather-go-blind","I'd Rather Go Blind","Beyoncé","Western Hits","2008",478893,0,"✓"
"beyonc-i-care","I Care","Beyoncé","Western Hits","2011",457770,0,"✓"
"beyonc-hello","Hello","Beyoncé","Nostalgia 2000s","2008",356439,0,"✓"
"beyonc-halo","Halo","Beyoncé","Western Hits","2008",108551,0,"✓"
"billie-eilish-wildflower","WILDFLOWER","Billie Eilish","Western Hits","2024",964181,0,"✓"
"billie-eilish-birds-of-a-feather","BIRDS OF A FEATHER","Billie Eilish","Western Hits","2024",963029,0,"✓"
"billie-eilish-bad-guy","bad guy","Billie Eilish","Western Hits","2019",932130,0,"✓"
"billie-eilish-chihiro","CHIHIRO","Billie Eilish","Western Hits","2024",931082,0,"✓"
"billie-eilish-ocean-eyes","ocean eyes","Billie Eilish","Western Hits","2016",923444,0,"✓"
"billie-eilish-when-the-party-s-over","when the party's over","Billie Eilish","Western Hits","2018",917041,0,"✓"
"billie-eilish-what-was-i-made-for-from-the-motion-picture-barbie","What Was I Made For? (From The Motion Picture "Barbie")","Billie Eilish","Western Hits","2023",911507,0,"✓"
"billie-eilish-everything-i-wanted","everything i wanted","Billie Eilish","Western Hits","2019",890681,0,"✓"
"billie-eilish-i-love-you","i love you","Billie Eilish","Western Hits","2019",851118,0,"✓"
"billie-eilish-idontwannabeyouanymore","idontwannabeyouanymore","Billie Eilish","Western Hits","2017",825401,0,"✓"
"billie-eilish-tv","TV","Billie Eilish","Western Hits","2022",824842,0,"✓"
"billie-eilish-you-should-see-me-in-a-crown","you should see me in a crown","Billie Eilish","Western Hits","2018",779415,0,"✓"
"billie-eilish-l-amour-de-ma-vie","L’AMOUR DE MA VIE","Billie Eilish","Western Hits","2024",678000,0,"✓"
"billie-eilish-khalid-lovely","lovely","Billie Eilish & Khalid","Western Hits","2018",954643,0,"✓"
"bizarrap-shakira-shakira-bzrp-music-sessions-vol-53-66","Shakira: Bzrp Music Sessions, Vol. 53/66","Bizarrap & Shakira","Western Hits","2023",778290,0,"✓"
"itunes-1726631077","Utopia (feat. Arca)","Björk","Western Hits","2017",166521,0,"✓"
"itunes-1425338280","Drive (feat. Delilah Montagu) [Edit]","Black Coffee & David Guetta","Western Hits","2018",0,0,"✓"
"itunes-1244156843","Just For One Night (feat. Astrid S)","Blonde","Galau Hits","2017",234739,0,"✓"
"bon-jovi-livin-on-a-prayer","Livin' On A Prayer","Bon Jovi","Western Hits","1986",933844,0,"✓"
"bon-jovi-you-give-love-a-bad-name","You Give Love A Bad Name","Bon Jovi","Western Hits","1986",884937,0,"✓"
"bon-jovi-it-s-my-life","It's My Life","Bon Jovi","Western Hits","2000",876758,0,"✓"
"bon-jovi-always","Always","Bon Jovi","Western Hits","1994",849219,0,"✓"
"bon-jovi-bed-of-roses","Bed of Roses","Bon Jovi","Western Hits","1992",790927,0,"✓"
"bon-jovi-runaway","Runaway","Bon Jovi","Western Hits","1984",754217,0,"✓"
"bon-jovi-wanted-dead-or-alive","Wanted Dead or Alive","Bon Jovi","Western Hits","1986",708996,0,"✓"
"bon-jovi-i-ll-be-there-for-you","I'll Be There for You","Bon Jovi","Western Hits","1988",701499,0,"✓"
"bon-jovi-never-say-goodbye","Never Say Goodbye","Bon Jovi","Western Hits","1986",635497,0,"✓"
"bon-jovi-bad-medicine","Bad Medicine","Bon Jovi","Western Hits","1988",611540,0,"✓"
"bon-jovi-lay-your-hands-on-me","Lay Your Hands On Me","Bon Jovi","Western Hits","1988",440231,0,"✓"
"bon-jovi-i-d-die-for-you","I'd Die for You","Bon Jovi","Western Hits","1986",418098,0,"✓"
"bon-jovi-jennifer-nettles-who-says-you-can-t-go-home-duet-with-jennifer-nettles","Who Says You Can't Go Home (Duet with Jennifer Nettles)","Bon Jovi & Jennifer Nettles","Western Hits","2005",0,0,"✓"
"itunes-1444116535","Picture of You","Boyzone","Western Hits","1997",599659,0,"✓"
"itunes-1444116543","A Different Beat","Boyzone","Western Hits","1996",599659,0,"✓"
"itunes-1413122440","No Matter What","Boyzone","Western Hits","1998",541965,0,"✓"
"itunes-1443808860","Father and Son","Boyzone","Western Hits","1995",519461,0,"✓"
"itunes-1413121652","Baby Can I Hold You (Edit)","Boyzone","Western Hits","1997",490780,0,"✓"
"itunes-1444116654","Words","Boyzone","Western Hits","1996",431420,0,"✓"
"itunes-1443808409","Love Me For a Reason","Boyzone","Western Hits","1994",404337,0,"✓"
"itunes-1413121654","All That I Need (Edit)","Boyzone","Western Hits","1998",351319,0,"✓"
"itunes-1411513178","You Needed Me","Boyzone","Western Hits","1999",332679,0,"✓"
"itunes-1411510789","Every Day I Love You","Boyzone","Western Hits","1999",302533,0,"✓"
"itunes-1413122682","I Love the Way You Love Me","Boyzone","Western Hits","1998",284861,0,"✓"
"itunes-1444116649","Isn't It a Wonder","Boyzone","Western Hits","1996",207109,0,"✓"
"itunes-1394148964","Because","Boyzone","Western Hits","2018",188124,0,"✓"
"itunes-926855761","What Becomes of the Broken Hearted","Boyzone","Western Hits","2014",171251,0,"✓"
"itunes-1443808760","Key To My Life (Radio Edit)","Boyzone","Western Hits","1995",168169,0,"✓"
"itunes-1443808399","Coming Home Now (Radio Edit)","Boyzone","Western Hits","1995",99940,0,"✓"
"itunes-1757500327","That's Who I Praise","Brandon Lake","Nostalgia 2000s","2024",543665,0,"✓"
"itunes-1823872787","peter pan.","Brent Faiyaz","Nostalgia 2000s","2025",364788,0,"✓"
"itunes-1435520678","Here Tonight","Brett Young","Western Hits","2018",314889,0,"✓"
"itunes-1435520801","Catch","Brett Young","Western Hits","2018",259761,0,"✓"
"itunes-1435520815","Change Your Name","Brett Young","Western Hits","2018",259645,0,"✓"
"itunes-1435520669","Ticket to L.A.","Brett Young","Western Hits","2018",236922,0,"✓"
"itunes-1435520817","Chapters (feat. Gavin DeGraw)","Brett Young","Western Hits","2018",216435,0,"✓"
"itunes-1435520829","Don’t Wanna Write This Song","Brett Young","Western Hits","2018",213825,0,"✓"
"itunes-1435520820","Reason to Stay","Brett Young","Western Hits","2018",212927,0,"✓"
"itunes-1435520803","Let It Be Mine","Brett Young","Western Hits","2018",182902,0,"✓"
"itunes-1435520812","Where You Want Me","Brett Young","Western Hits","2018",156051,0,"✓"
"itunes-1435520814","Used to Missin’ You","Brett Young","Western Hits","2018",153871,0,"✓"
"itunes-1435520802","1, 2, 3 Mississippi","Brett Young","Western Hits","2018",152401,0,"✓"
"brisia-jodie-kisah-baru-orang-lama","Kisah Baru Orang Lama","Brisia Jodie","Galau Hits","2025",100000,0,"✓"
"brisia-jodie-tak-ada-restu","Tak Ada Restu","Brisia Jodie","Galau Hits","2024",6931,0,"✓"
"brisia-jodie-menunggu-jadi-pacarmu-menjamu","Menunggu Jadi Pacarmu (Menjamu)","Brisia Jodie","Galau Hits","2019",0,0,"✓"
"itunes-268284600","...Baby One More Time","Britney Spears","Western Hits","1998",956742,0,"✓"
"itunes-990422390","Womanizer","Britney Spears","Western Hits","2008",911917,0,"✓"
"itunes-251948354","Toxic","Britney Spears","Western Hits","2003",896147,0,"✓"
"itunes-267954487","Oops!…I Did It Again","Britney Spears","Western Hits","2000",854617,0,"✓"
"itunes-581775219","Criminal","Britney Spears","Western Hits","2011",853104,0,"✓"
"itunes-990422391","Circus","Britney Spears","Western Hits","2008",806630,0,"✓"
"itunes-581775117","I Wanna Go","Britney Spears","Western Hits","2011",799359,0,"✓"
"itunes-990422395","If U Seek Amy","Britney Spears","Western Hits","2008",750525,0,"✓"
"itunes-581774806","Till the World Ends","Britney Spears","Western Hits","2011",744934,0,"✓"
"itunes-273143828","I'm a Slave 4 U","Britney Spears","Western Hits","2001",741544,0,"✓"
"itunes-521738943","Piece of Me","Britney Spears","Western Hits","2007",701533,0,"✓"
"itunes-273143822","(You Drive Me) Crazy","Britney Spears","Western Hits","1999",692803,0,"✓"
"itunes-273143823","Sometimes","Britney Spears","Western Hits","1999",669880,0,"✓"
"itunes-267954493","Stronger","Britney Spears","Western Hits","2000",668044,0,"✓"
"itunes-267954592","Lucky","Britney Spears","Western Hits","2000",665124,0,"✓"
"itunes-269969901","My Prerogative","Britney Spears","Western Hits","2004",565568,0,"✓"
"itunes-1543275952","Make Me... (feat. G-Eazy)","Britney Spears","Western Hits","2016",495469,0,"✓"
"itunes-251948143","(I Got That) Boom Boom (feat. Ying Yang Twins)","Britney Spears","Western Hits","2003",460267,0,"✓"
"itunes-273143827","From the Bottom of My Broken Heart","Britney Spears","Western Hits","1999",458686,0,"✓"
"itunes-251948405","Everytime","Britney Spears","Western Hits","2003",201410,0,"✓"
"itunes-251948047","Me Against the Music (feat. Madonna) [Video Mix]","Britney Spears","Western Hits","2003",0,0,"✓"
"itunes-733680211","Habibi (Stephan F Remix Edit) [feat. Rella Roxx]","Bros Project","Nostalgia 2000s","2012",13261,0,"✓"
"bruno-mars-locked-out-of-heaven","Locked Out of Heaven","Bruno Mars","Western Hits","2012",963294,0,"✓"
"bruno-mars-i-just-might","I Just Might","Bruno Mars","Western Hits","2026",960138,0,"✓"
"bruno-mars-when-i-was-your-man","When I Was Your Man","Bruno Mars","Western Hits","2012",949124,0,"✓"
"bruno-mars-just-the-way-you-are","Just the Way You Are","Bruno Mars","Western Hits","2010",948490,0,"✓"
"bruno-mars-risk-it-all","Risk It All","Bruno Mars","Western Hits","2026",934623,0,"✓"
"bruno-mars-marry-you","Marry You","Bruno Mars","Western Hits","2010",932513,0,"✓"
"bruno-mars-talking-to-the-moon","Talking to the Moon","Bruno Mars","Western Hits","2010",912505,0,"✓"
"bruno-mars-24k-magic","24K Magic","Bruno Mars","Western Hits","2016",897807,0,"✓"
"bruno-mars-thats-what-i-like","That's What I Like","Bruno Mars","Western Hits","2016",878756,0,"✓"
"bruno-mars-count-on-me","Count on Me","Bruno Mars","Western Hits","2010",820027,0,"✓"
"bruno-mars-it-will-rain","It Will Rain","Bruno Mars","Western Hits","2011",797697,0,"✓"
"bruno-mars-versace-on-the-floor","Versace On The Floor","Bruno Mars","Western Hits","2016",748453,0,"✓"
"itunes-1866733078","Something Serious","Bruno Mars","Western Hits","2026",678102,0,"✓"
"itunes-1449827840","Doremi","Budi Doremi","Galau Hits","2012",72525,0,"✓"
"itunes-1449827833","123456","Budi Doremi","Galau Hits","2012",63157,0,"✓"
"itunes-1882380637","Tolong","Budi Doremi","Galau Hits","2018",49696,0,"✓"
"itunes-1449827835","Peace, Love And Thank You","Budi Doremi","Galau Hits","2012",47561,0,"✓"
"itunes-1449827843","Selayang Pandang Pelepas Rindu","Budi Doremi","Galau Hits","2012",40831,0,"✓"
"itunes-1449827834","Menjadi Lelaki","Budi Doremi","Galau Hits","2012",39815,0,"✓"
"itunes-1449827838","Suka Semua","Budi Doremi","Galau Hits","2012",18730,0,"✓"
"itunes-1449827832","1 Hari Yang Cerah","Budi Doremi","Galau Hits","2012",16930,0,"✓"
"itunes-1449727204","Hatiku Telah Dijleb Jlebin Kamu","Budi Doremi","Galau Hits","2013",7787,0,"✓"
"itunes-1449827839","Asmara Nusantara","Budi Doremi","Galau Hits","2012",6981,0,"✓"
"itunes-1882693855","Melukis Senja","Budi Doremi","Galau Hits","2020",0,0,"✓"
"itunes-1882699483","Mesin Waktu","Budi Doremi","Galau Hits","2021",0,0,"✓"
"itunes-1882381971","Tak Kan Hilang","Budi Doremi","Galau Hits","2022",0,0,"✓"
"itunes-1882119452","Friendzone","Budi Doremi","Galau Hits","2024",0,0,"✓"
"itunes-1882175461","Ada Untukmu","Budi Doremi","Galau Hits","2025",0,0,"✓"
"itunes-1882283918","Ingat Dirimu Lagi","Budi Doremi","Galau Hits","2022",0,0,"✓"
"itunes-1882470184","Ramadhan Penuh Cinta","Budi Doremi","Galau Hits","2024",0,0,"✓"
"itunes-1882469651","Terukir Di Bintang","Budi Doremi","Galau Hits","2023",0,0,"✓"
"itunes-1882284051","Tolong (Ku Sudah Bosan Sendirian) [feat. Pingkan & Billy]","Budi Doremi","Galau Hits","2020",0,0,"✓"
"itunes-1882283519","Bintang Jatuh","Budi Doremi","Galau Hits","2022",0,0,"✓"
"itunes-1882117760","Itu Kamu","Budi Doremi","Galau Hits","2025",0,0,"✓"
"itunes-1882692392","Tentang Dia","Budi Doremi & Ashilla","Galau Hits","2020",0,0,"✓"
"itunes-658215414","Aku dan Dirimu (feat. Ari Lasso)","Bunga Citra Lestari","Galau Hits","2008",103782,0,"✓"
"itunes-583269196","Cinta Sejati","Bunga Citra Lestari","Galau Hits","2012",97960,0,"✓"
"itunes-1202780509","Aku Wanita (with Dipha Barus)","Bunga Citra Lestari","Galau Hits","2017",82093,0,"✓"
"itunes-658215411","Karena Kucinta Kau","Bunga Citra Lestari","Galau Hits","2009",72992,0,"✓"
"itunes-658215419","Kecewa","Bunga Citra Lestari","Galau Hits","2008",72850,0,"✓"
"itunes-533067680","Cinta Pertama (Sunny)","Bunga Citra Lestari","Galau Hits","2006",67009,0,"✓"
"itunes-1441515629","Harta Berharga (From "Keluarga Cemara")","Bunga Citra Lestari","Galau Hits","2018",64763,0,"✓"
"itunes-533067681","Aku Tak Mau Sendiri","Bunga Citra Lestari","Galau Hits","2006",53852,0,"✓"
"itunes-658215412","Jangan Gila","Bunga Citra Lestari","Galau Hits","2013",38205,0,"✓"
"itunes-533067771","Saat Kau Pergi","Bunga Citra Lestari","Galau Hits","2005",33689,0,"✓"
"itunes-1394426464","Dance Tonight (feat. JFlow) [Asian Games 2018 Official Song]","Bunga Citra Lestari","Galau Hits","2018",25809,0,"✓"
"itunes-1455958248","Memilih Dia","Bunga Citra Lestari","Galau Hits","2019",8944,0,"✓"
"itunes-602061902","Tetaplah Dihatiku (feat. Christian Bautista)","Bunga Citra Lestari","Galau Hits","2010",8839,0,"✓"
"itunes-533061926","Tentang Kamu","Bunga Citra Lestari","Galau Hits","2008",0,0,"✓"
"itunes-1551927951","Love Story","Bunga Citra Lestari","Galau Hits","2021",0,0,"✓"
"itunes-533061971","Pernah Muda","Bunga Citra Lestari","Galau Hits","2008",0,0,"✓"
"itunes-6763259644","Kau","Bunglon","Nostalgia 2000s","1999",151502,0,"✓"
"itunes-1885847645","Dulu (feat. Monita Tahalea)","Bunglon","Galau Hits","2019",70001,0,"✓"
"itunes-6763259885","Dulu","Bunglon","Nostalgia 2000s","2001",70001,0,"✓"
"itunes-6763259651","Cerita Lalu","Bunglon","Nostalgia 2000s","1999",0,0,"✓"
"itunes-1889459475","Dulu","Bunglon & Monita Tahalea","Nostalgia 2000s","2019",70001,0,"✓"
"itunes-937759835","Over (feat. Broshuda)","B£AMS","Galau Hits","2014",503711,0,"✓"
"itunes-1709049541","Senandung Rindu","CANDIL SEURIEUS & CandilSaykoji","Nostalgia 2000s","2009",0,0,"✓"
"itunes-1591836965","Air Mata Bawang","Caca Handika","Pop Jawa & Koplo","2006",23908,0,"✓"
"itunes-1591837178","Mandi Kembang","Caca Handika","Pop Jawa & Koplo","2006",22663,0,"✓"
"itunes-1591837176","Gantungan Baju","Caca Handika","Pop Jawa & Koplo","2006",18639,0,"✓"
"itunes-1591836941","Undangan Palsu","Caca Handika","Pop Jawa & Koplo","2006",11569,0,"✓"
"itunes-1591837183","Cincin Putih","Caca Handika","Pop Jawa & Koplo","2006",239,0,"✓"
"itunes-1885847287","Hidupku Kan Damaikan Hatimu (feat. Widi Vierratale)","Caffeine","Galau Hits","2019",101869,0,"✓"
"itunes-1220666774","Kekasih Bayangan","Cakra Khan","Galau Hits","2017",0,0,"✓"
"itunes-1702828253","Tennessee Whiskey","Cakra Khan","Galau Hits","2023",0,0,"✓"
"itunes-1603793028","Kepada Hati","Cakra Khan","Galau Hits","2022",0,0,"✓"
"itunes-1649713911","Kepada Hati (Piano Version)","Cakra Khan","Galau Hits","2022",0,0,"✓"
"itunes-1574827364","Hal Hebat","Cakra Khan","Galau Hits","2021",0,0,"✓"
"itunes-1350174161","Jangan Mudah Putus Asa","Cakra Khan","Galau Hits","2018",0,0,"✓"
"itunes-1729545767","Broken Symphony","Cakra Khan","Galau Hits","2024",0,0,"✓"
"itunes-1281434978","Kekasih Bayangan (Piano Version)","Cakra Khan","Galau Hits","2017",0,0,"✓"
"itunes-1544769375","Salah Tapi Baik","Cakra Khan","Galau Hits","2020",0,0,"✓"
"itunes-1729545773","Take The Pain","Cakra Khan","Galau Hits","2024",0,0,"✓"
"itunes-1459860377","Opera Tuhan","Cakra Khan","Galau Hits","2014",0,0,"✓"
"itunes-1409537263","Kemenangan","Cakra Khan","Galau Hits","2018",0,0,"✓"
"itunes-1499839887","Terlanjur Cinta","Cakra Khan & Hael Husaini","Galau Hits","2020",0,0,"✓"
"cali-y-el-dandee-aitana-coldplay","Coldplay","Cali y El Dandee & Aitana","Western Hits","2021",310235,0,"✓"
"itunes-1628617747","Heaven","Calum Scott & Lyodra","Galau Hits","2022",362550,0,"✓"
"itunes-922876189","Summer","Calvin Harris","Western Hits","2014",932591,0,"✓"
"itunes-922876187","Outside (feat. Ellie Goulding)","Calvin Harris","Western Hits","2014",898666,0,"✓"
"itunes-1713469225","Feel So Close (Radio Edit)","Calvin Harris","Western Hits","2011",895564,0,"✓"
"itunes-1713469230","I Need Your Love (feat. Ellie Goulding)","Calvin Harris","Western Hits","2012",875208,0,"✓"
"itunes-1153704956","My Way","Calvin Harris","Western Hits","2016",868922,0,"✓"
"itunes-922876184","Blame (feat. John Newman)","Calvin Harris","Western Hits","2014",813626,0,"✓"
"itunes-1713469232","Sweet Nothing (feat. Florence Welch)","Calvin Harris","Western Hits","2012",773690,0,"✓"
"itunes-1712551751","I'm Not Alone (2019 Edit)","Calvin Harris","Western Hits","2019",763427,0,"✓"
"itunes-1713469237","Thinking About You (feat. Ayah Marar)","Calvin Harris","Western Hits","2012",691436,0,"✓"
"itunes-922876192","Pray to God (feat. HAIM)","Calvin Harris","Western Hits","2014",606806,0,"✓"
"itunes-1443809112","Let's Go (feat. Ne-Yo)","Calvin Harris","Western Hits","2012",580665,0,"✓"
"itunes-1713469224","Bounce (feat. Kelis) [Radio Edit]","Calvin Harris","Western Hits","2011",494458,0,"✓"
"itunes-719988087","Under Control (feat. Hurts)","Calvin Harris & Alesso","Western Hits","2013",770069,0,"✓"
"itunes-1811333176","Blessings","Calvin Harris & Clementine Douglas","Western Hits","2025",875690,0,"✓"
"itunes-1108212668","This Is What You Came For","Calvin Harris & Rihanna","Western Hits","2016",938929,0,"✓"
"itunes-1001677305","How Deep Is Your Love","Calvin Harris, Disciples","Western Hits","2015",911900,0,"✓"
"itunes-1364709436","One Kiss","Calvin Harris, Dua Lipa","Western Hits","2018",887462,0,"✓"
"itunes-1447498494","Giant","Calvin Harris, Rag’n’Bone Man","Western Hits","2019",804392,0,"✓"
"itunes-1424362622","Promises","Calvin Harris, Sam Smith","Western Hits","2018",857843,0,"✓"
"itunes-6774651649","Cool You Down","Chaka Khan & Sia","Western Hits","2026",589555,0,"✓"
"itunes-1293229677","Attention","Charlie Puth","Western Hits","2017",896464,0,"✓"
"itunes-1031416185","We Don’t Talk Anymore (feat. Selena Gomez)","Charlie Puth","Western Hits","2016",888155,0,"✓"
"itunes-1031416183","Marvin Gaye (feat. Meghan Trainor)","Charlie Puth","Western Hits","2015",805935,0,"✓"
"itunes-1293230534","How Long","Charlie Puth","Western Hits","2017",758850,0,"✓"
"itunes-1031416179","One Call Away","Charlie Puth","Western Hits","2015",740293,0,"✓"
"itunes-1633318562","Light Switch","Charlie Puth","Western Hits","2022",699996,0,"✓"
"itunes-1609977184","Light Switch (Acoustic)","Charlie Puth","Western Hits","2019",699996,0,"✓"
"itunes-1293230535","Done For Me (feat. Kehlani)","Charlie Puth","Western Hits","2018",615289,0,"✓"
"itunes-1031416180","Dangerously","Charlie Puth","Western Hits","2016",597085,0,"✓"
"itunes-1845189972","Changes","Charlie Puth","Western Hits","2025",551956,0,"✓"
"itunes-1293229676","The Way I Am","Charlie Puth","Western Hits","2018",500793,0,"✓"
"itunes-1293230827","Slow It Down","Charlie Puth","Western Hits","2018",413413,0,"✓"
"itunes-1293230541","Patient","Charlie Puth","Western Hits","2018",364802,0,"✓"
"itunes-1476587493","Mother","Charlie Puth","Western Hits","2019",343847,0,"✓"
"itunes-1031416192","Some Type of Love","Charlie Puth","Western Hits","2015",319931,0,"✓"
"itunes-1519093800","Girlfriend","Charlie Puth","Western Hits","2020",313068,0,"✓"
"itunes-1293230542","If You Leave Me Now (feat. Boyz II Men)","Charlie Puth","Western Hits","2018",300139,0,"✓"
"itunes-1633318759","Left and Right","Charlie Puth & Jung Kook","Western Hits","2022",572170,0,"✓"
"itunes-1639961640","Left and Right (Acapella)","Charlie Puth & Jung Kook","Western Hits","2022",572170,0,"✓"
"itunes-1845189974","Cry","Charlie Puth & Kenny G","Western Hits","2026",435606,0,"✓"
"itunes-534146721","Kucinta Apa Adanya Kamu","Chelsea Olivia","Nostalgia 2000s","2007",0,0,"✓"
"christina-aguilera-genie-in-a-bottle","Genie in a Bottle","Christina Aguilera","Western Hits","1999",839115,0,"✓"
"christina-aguilera-hurt","Hurt","Christina Aguilera","Western Hits","2006",789337,0,"✓"
"christina-aguilera-beautiful","Beautiful","Christina Aguilera","Western Hits","2002",739001,0,"✓"
"christina-aguilera-ain-t-no-other-man","Ain't No Other Man","Christina Aguilera","Western Hits","2006",657897,0,"✓"
"christina-aguilera-dirrty-feat-redman","Dirrty (feat. Redman)","Christina Aguilera","Western Hits","2002",656943,0,"✓"
"christina-aguilera-fighter","Fighter","Christina Aguilera","Western Hits","2002",632390,0,"✓"
"christina-aguilera-what-a-girl-wants","What a Girl Wants","Christina Aguilera","Western Hits","1999",602864,0,"✓"
"christina-aguilera-bound-to-you","Bound to You","Christina Aguilera","Western Hits","2010",569373,0,"✓"
"christina-aguilera-just-a-fool-feat-blake-shelton","Just a Fool (feat. Blake Shelton)","Christina Aguilera","Western Hits","2012",480579,0,"✓"
"christina-aguilera-come-on-over-baby-all-i-want-is-you-radio-version","Come on over Baby (All I Want Is You) [Radio Version]","Christina Aguilera","Western Hits","1999",443062,0,"✓"
"christina-aguilera-candyman","Candyman","Christina Aguilera","Western Hits","2006",342692,0,"✓"
"itunes-1440845801","Lady Marmalade","Christina Aguilera, Lil' Kim, Mýa & P!nk","Western Hits","2001",776699,0,"✓"
"itunes-1880322678","Dia (Remix)","Cita Citata","Pop Jawa & Koplo","2017",511144,0,"✓"
"itunes-1880351286","Goyang Dumang","Cita Citata","Pop Jawa & Koplo","2023",123415,0,"✓"
"itunes-1585952972","Perawan Atau Janda","Cita Citata","Pop Jawa & Koplo","2014",73190,0,"✓"
"itunes-1585951395","Aku Mah Apa Atuh","Cita Citata","Pop Jawa & Koplo","2014",65172,0,"✓"
"itunes-1585950279","Uwiw Uwiw","Cita Citata","Pop Jawa & Koplo","2016",63036,0,"✓"
"itunes-1740184913","Meriang","Cita Citata","Pop Jawa & Koplo","2021",53671,0,"✓"
"itunes-1881279331","Sakitnya Tuh Disini","Cita Citata","Pop Jawa & Koplo","2023",26441,0,"✓"
"itunes-1740185388","Kalimera Athena","Cita Citata","Pop Jawa & Koplo","2021",26264,0,"✓"
"itunes-1690347274","Bahagia Itu Sederhana","Cita Citata","Pop Jawa & Koplo","2023",25625,0,"✓"
"itunes-1889562654","Pura Pura Bahagia","Cita Citata","Pop Jawa & Koplo","2017",21735,0,"✓"
"itunes-1861755730","Pernikahan Dini","Cita Citata","Pop Jawa & Koplo","2015",18514,0,"✓"
"itunes-1878424624","Potong Bebek Jomblo","Cita Citata","Pop Jawa & Koplo","2023",7921,0,"✓"
"itunes-1585955429","Bersyukurlah","Cita Citata","Pop Jawa & Koplo","2015",6865,0,"✓"
"itunes-1879960609","Aku Pergi","Cita Citata","Pop Jawa & Koplo","2019",284,0,"✓"
"itunes-1637605565","Kau Tercipta Untukku (House)","Cita Citata","Pop Jawa & Koplo","2015",0,0,"✓"
"itunes-1576694582","Drive (feat. Wes Nelson)","Clean Bandit & Topic","Western Hits","2021",507155,0,"✓"
"itunes-326489818","Karma","Cokelat","Nostalgia 2000s","2006",121277,0,"✓"
"itunes-326498938","Pergi","Cokelat","Nostalgia 2000s","2000",53532,0,"✓"
"itunes-326489825","Segitiga","Cokelat","Nostalgia 2000s","2003",53532,0,"✓"
"itunes-326489836","Bendera","Cokelat","Nostalgia 2000s","2006",48559,0,"✓"
"itunes-326415411","Bendera (New Version)","Cokelat","Nostalgia 2000s","2006",33141,0,"✓"
"itunes-326489835","Luka Lama","Cokelat","Nostalgia 2000s","2006",32169,0,"✓"
"itunes-326489834","Saat Jarak Memisahkan","Cokelat","Nostalgia 2000s","2006",32140,0,"✓"
"itunes-326415401","Kebyar Kebyar","Cokelat","Nostalgia 2000s","2006",31501,0,"✓"
"itunes-326415400","Tanah Airku","Cokelat","Nostalgia 2000s","2006",21529,0,"✓"
"itunes-326415412","Hari Merdeka","Cokelat","Nostalgia 2000s","2006",19760,0,"✓"
"itunes-326489819","Kupilih Dia","Cokelat","Nostalgia 2000s","2006",8816,0,"✓"
"itunes-326489816","Terlalu Indah","Cokelat","Nostalgia 2000s","2006",7098,0,"✓"
"itunes-326415395","Satu Nusa Satu Bangsa","Cokelat","Nostalgia 2000s","2006",6867,0,"✓"
"coldplay-paradise","Paradise","Coldplay","Western Hits","2011",928383,0,"✓"
"coldplay-clocks","Clocks","Coldplay","Western Hits","2002",912080,0,"✓"
"coldplay-fix-you","Fix You","Coldplay","Western Hits","2005",907858,0,"✓"
"coldplay-adventure-of-a-lifetime","Adventure of a Lifetime","Coldplay","Western Hits","2015",906516,0,"✓"
"coldplay-sparks","Sparks","Coldplay","Western Hits","2000",841208,0,"✓"
"coldplay-a-sky-full-of-stars","A Sky Full of Stars","Coldplay","Western Hits","2014",812572,0,"✓"
"coldplay-hymn-for-the-weekend","Hymn for the Weekend","Coldplay","Western Hits","2015",756008,0,"✓"
"dmasiv-jangan-menyerah","Jangan Menyerah","D'Masiv","Nostalgia 2000s","2009",0,0,"✓"
"itunes-1695669958","Tulus","DAVID CHANDRA & Niken Salindry","Galau Hits","2023",0,0,"✓"
"dj-snake-a-different-way-feat-lauv","A Different Way (feat. Lauv)","DJ Snake","Western Hits","2017",636691,0,"✓"
"doit-band-irwansyah-acha-septriasa-pelangi","Pelangi","DOIT Band, Irwansyah & Acha Septriasa","Galau Hits","2022",2480,0,"✓"
"dadali-kasih-sayangilah-aku","Kasih Sayangilah Aku","Dadali","Nostalgia 2000s","2018",100000,0,"✓"
"dadali-aku-telah-berdua","Aku Telah Berdua","Dadali","Nostalgia 2000s","2014",100000,0,"✓"
"dadali-cintaku-sangat-luar-biasa","Cintaku Sangat Luar Biasa","Dadali","Nostalgia 2000s","2020",100000,0,"✓"
"dadali-kau-iris-hatiku","Kau Iris Hatiku","Dadali","Nostalgia 2000s","2018",100000,0,"✓"
"dadali-di-saat-sendiri","Di Saat Sendiri","Dadali","Nostalgia 2000s","2014",63607,0,"✓"
"dadali-disaat-aku-mencintaimu","Disaat Aku Mencintaimu","Dadali","Nostalgia 2000s","2010",52956,0,"✓"
"dadali-di-saat-aku-tersakiti","Di Saat Aku Tersakiti","Dadali","Nostalgia 2000s","2014",46197,0,"✓"
"dadali-disaat-patah-hati","Disaat Patah Hati","Dadali","Nostalgia 2000s","2018",28070,0,"✓"
"dadali-cinta-yang-tersakiti","Cinta Yang Tersakiti","Dadali","Nostalgia 2000s","2015",15568,0,"✓"
"dadali-cinta-bersemi-kembali","Cinta Bersemi Kembali","Dadali","Nostalgia 2000s","2010",7802,0,"✓"
"dadali-mendua","Mendua","Dadali","Nostalgia 2000s","2014",6199,0,"✓"
"dadali-sayang-jujurlah","Sayang Jujurlah","Dadali","Nostalgia 2000s","2018",6023,0,"✓"
"dadali-disaat-aku-pergi-dj-version","Disaat Aku Pergi (DJ Version)","Dadali","Nostalgia 2000s","2024",0,0,"✓"
"itunes-1460175382","Con Calma (feat. Snow) [Remix]","Daddy Yankee & Katy Perry","Western Hits","2019",604278,0,"✓"
"dan-shay-one-direction","One Direction","Dan + Shay","Western Hits","2021",137736,0,"✓"
"itunes-1775642771","Aaa","Danilla","Galau Hits","2017",565165,0,"✓"
"itunes-1794467139","Berdistraksi","Danilla","Galau Hits","2013",103926,0,"✓"
"itunes-1794467120","Terpaut Oleh Waktu","Danilla","Galau Hits","2013",71424,0,"✓"
"itunes-1759581901","Tak","Danilla","Galau Hits","2024",61756,0,"✓"
"itunes-1794466577","Ada DI Sana","Danilla","Galau Hits","2013",50972,0,"✓"
"itunes-1794466974","Senja Di Ambang Pilu","Danilla","Galau Hits","2013",37472,0,"✓"
"itunes-1794466993","Reste Avec Moi","Danilla","Galau Hits","2014",36985,0,"✓"
"itunes-1794466997","Wahai Kau","Danilla","Galau Hits","2013",31794,0,"✓"
"itunes-1759914313","Wahai Kau (feat. Rendy Pandugo)","Danilla","Galau Hits","2024",31794,0,"✓"
"itunes-1794466989","Buaian","Danilla","Galau Hits","2013",30372,0,"✓"
"itunes-1794467127","Junko Furuta","Danilla","Galau Hits","2013",26495,0,"✓"
"itunes-1794467144","Bilur","Danilla","Galau Hits","2014",22452,0,"✓"
"itunes-1775642768","Kalapuna","Danilla","Galau Hits","2017",22426,0,"✓"
"itunes-1439589634","Kecuali Cahaya (From "The Returning")","Danilla","Galau Hits","2018",18455,0,"✓"
"itunes-1759586051","Dalam Nirvana","Danilla","Galau Hits","2022",9015,0,"✓"
"itunes-1794467125","Oh No! (Trembling Theory)","Danilla","Galau Hits","2013",6167,0,"✓"
"itunes-1759586052","Maka Dari Itu","Danilla","Galau Hits","2022",225,0,"✓"
"itunes-1759586045","“S E N J A” Di Seberang Nusa","Danilla","Galau Hits","2022",0,0,"✓"
"itunes-1786533492","Jika","Danilla & Hindia","Galau Hits","2025",78300,0,"✓"
"itunes-693226464","Titanium (feat. Sia)","David Guetta","Western Hits","2011",956365,0,"✓"
"david-guetta-onerepublic-i-don-t-wanna-wait","I Don't Wanna Wait","David Guetta & OneRepublic","Western Hits","2024",844349,0,"✓"
"david-ryan-harris-coldplay","Coldplay","David Ryan Harris","Western Hits","2017",69732,0,"✓"
"itunes-1099850926","Drive (Bonus Track)","Deftones","Western Hits","2006",0,0,"✓"
"itunes-1861884610","Abadi","Dendi Nata & Hendra Kumbara","Pop Jawa & Koplo","2023",113627,0,"✓"
"denny-caknan-negoro-angin","Negoro Angin","Denny Caknan","Pop Jawa & Koplo","2026",183761,0,"✓"
"denny-cundamani","Cundamani","Denny Caknan","Pop Jawa & Koplo","2023",167506,0,"✓"
"denny-los-dol","Los Dol","Denny Caknan","Pop Jawa & Koplo","2020",104926,0,"✓"
"denny-kalih-welasku","Kalih Welasku","Denny Caknan","Pop Jawa & Koplo","2022",104036,0,"✓"
"denny-caknan-sigar","Sigar","Denny Caknan","Pop Jawa & Koplo","2024",89075,0,"✓"
"itunes-1789428597","Satru (feat. Happy Asmara)","Denny Caknan","Pop Jawa & Koplo","2021",86323,0,"✓"
"denny-caknan-kisinan-1-2-feat-masdddho","Kisinan 1 & 2 (feat. Masdddho)","Denny Caknan","Pop Jawa & Koplo","2023",63363,0,"✓"
"denny-caknan-sugeng-dalu","Sugeng Dalu","Denny Caknan","Pop Jawa & Koplo","2019",62366,0,"✓"
"denny-wirang","Wirang","Denny Caknan","Pop Jawa & Koplo","2023",39346,0,"✓"
"denny-caknan-wirang-feat-masdddho","Wirang (feat. Masdddho)","Denny Caknan","Pop Jawa & Koplo","2023",39346,0,"✓"
"itunes-1790197226","Nemen (feat. GILGA SAHID)","Denny Caknan","Pop Jawa & Koplo","2023",32480,0,"✓"
"itunes-1576377780","Widodari (feat. Guyon Waton)","Denny Caknan","Pop Jawa & Koplo","2021",31352,0,"✓"
"denny-caknan-sinarengan-feat-bella-bonita","Sinarengan (feat. Bella Bonita)","Denny Caknan","Pop Jawa & Koplo","2025",30226,0,"✓"
"denny-caknan-dumes-feat-wawes","Dumes (feat. Wawes)","Denny Caknan","Pop Jawa & Koplo","2023",26007,0,"✓"
"itunes-1790059653","Sayah (feat. Hendra Kumbara)","Denny Caknan","Pop Jawa & Koplo","2023",18274,0,"✓"
"denny-caknan-ldr-langgeng-dayaning-rasa","LDR (Langgeng Dayaning Rasa)","Denny Caknan","Pop Jawa & Koplo","2024",15678,0,"✓"
"denny-caknan-ngawi-nagih-janji-feat-ndarboy-genk","Ngawi Nagih Janji (feat. Ndarboy Genk)","Denny Caknan","Pop Jawa & Koplo","2020",3089,0,"✓"
"denny-caknan-ropang-feat-ndx-aka","Ropang (feat. NDX AKA)","Denny Caknan","Pop Jawa & Koplo","2025",1800,0,"✓"
"denny-caknan-abah-lala-ojo-dibandingke","Ojo Dibandingke","Denny Caknan & Abah Lala","Pop Jawa & Koplo","2022",32158,0,"✓"
"itunes-1790155781","Satru 2","Denny Caknan & Happy Asmara","Pop Jawa & Koplo","2022",80957,0,"✓"
"itunes-6769105553","Laut Kidul","Denny Caknan & Hendra Kumbara","Pop Jawa & Koplo","2026",9355,0,"✓"
"itunes-534882587","Aku Milikmu","Dewa 19","Nostalgia 2000s","1994",162479,0,"✓"
"itunes-534882896","Tak Kan Ada Cinta Yang Lain","Dewa 19","Nostalgia 2000s","1994",157758,0,"✓"
"dewa-kangen","Kangen","Dewa 19","Nostalgia 2000s","1992",154637,0,"✓"
"itunes-532180257","Elang","Dewa 19","Nostalgia 2000s","1999",140307,0,"✓"
"dewa-separuh-nafas","Separuh Nafas","Dewa 19","Nostalgia 2000s","2000",123813,0,"✓"
"itunes-1594602995","Dewi","Dewa 19","Nostalgia 2000s","2007",105880,0,"✓"
"itunes-532180261","Cinta 'Kan Membawamu Kembali","Dewa 19","Nostalgia 2000s","1999",99549,0,"✓"
"itunes-533699934","Arjuna","Dewa 19","Nostalgia 2000s","2002",94433,0,"✓"
"dewa-pupus","Pupus","Dewa 19","Nostalgia 2000s","2002",88716,0,"✓"
"itunes-535070875","Kirana","Dewa 19","Nostalgia 2000s","1997",82847,0,"✓"
"itunes-532180264","Kamulah Satu Satunya","Dewa 19","Nostalgia 2000s","1999",75980,0,"✓"
"dewa-risalah-hati","Risalah Hati","Dewa 19","Nostalgia 2000s","2000",73254,0,"✓"
"itunes-1594602985","Selimut Hati","Dewa 19","Nostalgia 2000s","2006",72209,0,"✓"
"dewa-roman-picisan","Roman Picisan","Dewa 19","Nostalgia 2000s","2000",69786,0,"✓"
"itunes-535070876","Aku Disini Untukmu","Dewa 19","Nostalgia 2000s","1997",39024,0,"✓"
"itunes-533698556","Lagu Cinta","Dewa 19","Nostalgia 2000s","2000",8036,0,"✓"
"itunes-533698551","Dua Sedjoli","Dewa 19","Nostalgia 2000s","2000",7770,1,"✓"
"itunes-1669719947","Bimbang (feat. Elvy Sukaesih & Mulan Jameela)","Dewa 19","Pop Jawa & Koplo","2023",1183,0,"✓"
"itunes-532180262","Kangen (Ku 'Kan Datang)","Dewa 19","Nostalgia 2000s","1999",0,0,"✓"
"itunes-1606401671","Ini Rindu","Dewa 19 & Happy Asmara","Pop Jawa & Koplo","2022",4819,0,"✓"
"itunes-1577185329","Risalah Hati","Dewa 19 & Yura Yunita","Galau Hits","2021",73254,0,"✓"
"itunes-1576854053","Cinta Ayah","Dewi Perssik","Pop Jawa & Koplo","2021",100000,0,"✓"
"itunes-1501858915","Indah Pada Waktunya","Dewi Perssik","Pop Jawa & Koplo","2016",32139,0,"✓"
"itunes-1501859573","Suara Hati","Dewi Perssik","Pop Jawa & Koplo","2017",18396,0,"✓"
"itunes-1589900760","Ngomong Dong","Dewi Perssik","Pop Jawa & Koplo","2019",13421,0,"✓"
"itunes-1501859831","Surga Dunia","Dewi Perssik","Pop Jawa & Koplo","2016",13416,0,"✓"
"itunes-1501858975","Semua Karena Cinta","Dewi Perssik","Pop Jawa & Koplo","2017",11666,0,"✓"
"itunes-1578770441","Ayo Semangat","Dewi Perssik","Pop Jawa & Koplo","2019",10051,0,"✓"
"itunes-1501860227","Pokemon","Dewi Perssik","Pop Jawa & Koplo","2016",9050,0,"✓"
"itunes-1506795526","Dilema","Dewi Perssik","Pop Jawa & Koplo","2016",2496,0,"✓"
"itunes-1576854168","Aku Suka","Dewi Perssik","Pop Jawa & Koplo","2015",9,0,"✓"
"itunes-1501861189","Halalin Aku","Dewi Perssik","Pop Jawa & Koplo","2016",0,0,"✓"
"itunes-1569617015","Diam - Diam (feat. Ahmad Dhani)","Dewi Perssik","Pop Jawa & Koplo","2010",0,0,"✓"
"dhyo-haw-always-positive","Always Positive","Dhyo Haw","Anthem Tongkrongan","2016",131217,0,"✓"
"dhyo-haw-sekeras-batu","Sekeras Batu","Dhyo Haw","Anthem Tongkrongan","2016",90216,0,"✓"
"dhyo-haw-ada-aku-disini","Ada Aku Disini","Dhyo Haw","Anthem Tongkrongan","2014",84767,0,"✓"
"dhyo-haw-hanya-sabar-senjataku","Hanya Sabar Senjataku","Dhyo Haw","Anthem Tongkrongan","2016",80804,0,"✓"
"dhyo-haw-ceppu","Ceppu","Dhyo Haw","Anthem Tongkrongan","2016",73826,0,"✓"
"dhyo-haw-you-play-drama-you-get-karma","You Play Drama You Get Karma","Dhyo Haw","Anthem Tongkrongan","2016",26828,0,"✓"
"dhyo-haw-potret-jatuh-cinta","Potret Jatuh Cinta","Dhyo Haw","Anthem Tongkrongan","2016",25139,0,"✓"
"dhyo-haw-trip-malam-ini","Trip Malam Ini","Dhyo Haw","Anthem Tongkrongan","2017",17749,0,"✓"
"dhyo-haw-jangan-takut-gendut","Jangan Takut Gendut","Dhyo Haw","Anthem Tongkrongan","2015",16048,0,"✓"
"dhyo-haw-bicara-dengan-hujan","Bicara Dengan Hujan","Dhyo Haw","Anthem Tongkrongan","2016",13769,0,"✓"
"dhyo-haw-dibalik-hari-ini","Dibalik Hari Ini","Dhyo Haw","Anthem Tongkrongan","2016",11771,0,"✓"
"dhyo-haw-angsa-serigala","Angsa & Serigala","Dhyo Haw","Anthem Tongkrongan","2016",9555,0,"✓"
"dhyo-haw-gue-apa-adanya","Gue Apa Adanya","Dhyo Haw","Anthem Tongkrongan","2016",3068,0,"✓"
"dhyo-haw-virus-masa-lalu","Virus Masa Lalu","Dhyo Haw","Anthem Tongkrongan","2016",1817,0,"✓"
"dhyo-haw-diskusi-senja","Diskusi Senja","Dhyo Haw","Anthem Tongkrongan","2016",979,0,"✓"
"dian-pramana-poetra-payung-teduh-pusakata-masa-kecilku","Masa Kecilku","Dian Pramana Poetra, Payung Teduh & Pusakata","Anthem Tongkrongan","2019",46981,0,"✓"
"didi-kempot-ambyar","Ambyar","Didi Kempot","Pop Jawa & Koplo","2019",100000,0,"✓"
"didi-kempot-stasiun-balapan","Stasiun Balapan","Didi Kempot","Pop Jawa & Koplo","1999",63246,0,"✓"
"didi-kempot-tatu","Tatu","Didi Kempot","Pop Jawa & Koplo","2019",53681,0,"✓"
"didi-kempot-sewu-kuto","Sewu Kuto","Didi Kempot","Pop Jawa & Koplo","2002",39831,0,"✓"
"didi-kempot-banyu-langit","Banyu Langit","Didi Kempot","Pop Jawa & Koplo","2016",37260,0,"✓"
"didi-kempot-banyu-langit-live","Banyu Langit (Live)","Didi Kempot","Pop Jawa & Koplo","2018",37260,0,"✓"
"didi-kempot-banyu-langgit-live","Banyu Langgit (Live)","Didi Kempot","Pop Jawa & Koplo","2018",37260,0,"✓"
"didi-kempot-pamer-bojo","Pamer Bojo","Didi Kempot","Pop Jawa & Koplo","2019",36930,0,"✓"
"didi-kempot-hello-sayang-live","Hello Sayang (Live)","Didi Kempot","Pop Jawa & Koplo","2018",32856,0,"✓"
"didi-kempot-cidro","Cidro","Didi Kempot","Pop Jawa & Koplo","1998",24003,0,"✓"
"didi-kempot-cidro-live","Cidro (Live)","Didi Kempot","Pop Jawa & Koplo","2018",24003,0,"✓"
"didi-kempot-kangen-nickerie-live","Kangen Nickerie (Live)","Didi Kempot","Pop Jawa & Koplo","2018",21391,0,"✓"
"didi-kempot-kapusan-janji-feat-yuni-shara","Kapusan Janji (feat. Yuni Shara)","Didi Kempot","Pop Jawa & Koplo","2020",855,0,"✓"
"difarina-indra-dermaga-biru-feat-fendik-adella","Dermaga Biru (feat. Fendik Adella)","Difarina Indra","Pop Jawa & Koplo","2022",100000,0,"✓"
"difarina-indra-kawin-kontrak-feat-tupang","Kawin Kontrak (feat. Tupang)","Difarina Indra","Pop Jawa & Koplo","2021",100000,0,"✓"
"difarina-indra-runtah","Runtah","Difarina Indra","Pop Jawa & Koplo","2022",21839,0,"✓"
"difarina-indra-tiara-feat-fendik-adella","Tiara (feat. Fendik Adella)","Difarina Indra","Pop Jawa & Koplo","2022",8873,0,"✓"
"itunes-1854424804","All Good (feat. Nadin Amizah) [Feel Koplo Remix]","Dipha Barus","Galau Hits","2025",18713,0,"✓"
"itunes-1441030928","Mine (Night)","Dipha Barus & Raisa","Galau Hits","2018",25773,0,"✓"
"itunes-1854388166","Rima Raga","Dipha Barus, Kunto Aji & The Adams","Galau Hits","2024",70563,0,"✓"
"disclosure-sam-smith-latch","Latch","Disclosure & Sam Smith","Western Hits","2012",811242,0,"✓"
"itunes-1807822642","Flamboyanku (feat. Danilla)","Diskoria","Galau Hits","2024",26002,0,"✓"
"itunes-1664044558","Badai Telah Berlalu","Diskoria, Laleilmanino & Bunga Citra Lestari","Galau Hits","2023",113700,0,"✓"
"itunes-1543668103","C.H.R.I.S.Y.E.","Diskoria, Laleilmanino & Eva Celia","Galau Hits","2021",91616,0,"✓"
"itunes-1591630036","Feeling Good (feat. FYÜTCH)","Divi Roxx Kids & Divinity Roxx","Nostalgia 2000s","2021",89723,0,"✓"
"itunes-1591630030","Ready Set Go!","Divi Roxx Kids & Divinity Roxx","Nostalgia 2000s","2021",21114,0,"✓"
"itunes-635195363","Laut","Doel Sumbang","Anthem Tongkrongan","2008",100000,0,"✓"
"itunes-1861886213","Dj Rindu Aku Rindu Kamu Cinta Kita","Doel Sumbang","Anthem Tongkrongan","2023",100000,0,"✓"
"itunes-1217779589","Ai","Doel Sumbang","Anthem Tongkrongan","2008",76243,0,"✓"
"itunes-1217779829","Rindu Aku Rindu Kamu","Doel Sumbang","Anthem Tongkrongan","2008",74954,0,"✓"
"itunes-1217780316","Linu","Doel Sumbang","Anthem Tongkrongan","2008",74954,0,"✓"
"itunes-1217780174","Ema","Doel Sumbang","Anthem Tongkrongan","2008",44653,0,"✓"
"itunes-1655117619","Runtah (feat. Ega Robot)","Doel Sumbang","Anthem Tongkrongan","2022",39259,0,"✓"
"itunes-1217780115","Arti Kehidupan","Doel Sumbang","Anthem Tongkrongan","2008",26731,0,"✓"
"itunes-1217779838","Pangandaran","Doel Sumbang","Anthem Tongkrongan","2008",25506,0,"✓"
"itunes-1217779588","Kalau Bulan Bisa Ngomong","Doel Sumbang","Anthem Tongkrongan","2008",8836,0,"✓"
"itunes-1217780310","Berenyit","Doel Sumbang","Anthem Tongkrongan","2008",1796,0,"✓"
"itunes-1873681779","Duriat Tasik","Doel Sumbang","Anthem Tongkrongan","2022",1291,0,"✓"
"itunes-1195529935","Martini","Doel Sumbang","Anthem Tongkrongan","2001",966,0,"✓"
"itunes-1872746810","tang ting tung","Dongker & Jason Ranti","Anthem Tongkrongan","2025",440255,0,"✓"
"itunes-1872746796","kabur dari rumah","Dongker & Jason Ranti","Anthem Tongkrongan","2025",44102,0,"✓"
"itunes-1872746795","aku bosan","Dongker & Jason Ranti","Anthem Tongkrongan","2025",26518,0,"✓"
"itunes-1818796925","salah display","Dongker & Jason Ranti","Anthem Tongkrongan","2025",21652,0,"✓"
"itunes-1872746811","selamat tidur","Dongker & Jason Ranti","Anthem Tongkrongan","2025",17896,0,"✓"
"dora-and-dreamland-for-revenge","For Revenge","Dora And Dreamland","Galau Hits","2015",0,0,"✓"
"itunes-6805877227","Training Season","Dua Lipa","Western Hits","2024",936516,0,"✓"
"itunes-1714502827","Houdini","Dua Lipa","Western Hits","2023",910185,0,"✓"
"itunes-1538003843","Levitating","Dua Lipa","Western Hits","2020",902185,0,"✓"
"itunes-1532788352","Levitating (feat. DaBaby)","Dua Lipa","Western Hits","2020",902185,0,"✓"
"itunes-1538004007","Love Again","Dua Lipa","Western Hits","2020",887755,0,"✓"
"itunes-1689238922","Dance The Night","Dua Lipa","Western Hits","2023",886338,0,"✓"
"itunes-1228739609","New Rules","Dua Lipa","Western Hits","2017",868598,0,"✓"
"itunes-1538004012","Break My Heart","Dua Lipa","Western Hits","2020",815966,0,"✓"
"itunes-1734980444","Illusion","Dua Lipa","Western Hits","2024",783891,0,"✓"
"itunes-1484636829","Don't Start Now","Dua Lipa","Western Hits","2019",782370,0,"✓"
"itunes-1552269072","Physical","Dua Lipa","Western Hits","2020",765688,0,"✓"
"itunes-1551179678","We're Good","Dua Lipa","Western Hits","2021",511025,0,"✓"
"itunes-1390113209","In My Mind","Dynoro & Gigi D'Agostino","Nostalgia 2000s","2017",879283,0,"✓"
"d-masiv-dan-kamu","Dan Kamu","D’MASIV","Nostalgia 2000s","2008",258963,0,"✓"
"d-masiv-diantara-kalian","Diantara Kalian","D’MASIV","Nostalgia 2000s","2008",6113,0,"✓"
"itunes-1059349910","Satu-Satunya (feat. Iwan Fals)","D’MASIV","Anthem Tongkrongan","2015",0,0,"✓"
"d-masiv-diam-tanpa-kata","Diam Tanpa Kata","D’MASIV","Nostalgia 2000s","2008",0,0,"✓"
"d-masiv-merindukanmu","Merindukanmu","D’MASIV","Nostalgia 2000s","2008",0,0,"✓"
"d-masiv-cinta-sampai-disini","Cinta Sampai Disini","D’MASIV","Nostalgia 2000s","2008",0,0,"✓"
"itunes-1517475087","Pecah Seribu","ELVY SUKAESIH","Pop Jawa & Koplo","2020",8805,0,"✓"
"itunes-995880623","Berita Kepada Kawan","Ebiet G. Ade","Anthem Tongkrongan","1979",0,0,"✓"
"itunes-995880633","Titip Rindu Buat Ayah","Ebiet G. Ade","Anthem Tongkrongan","2010",0,0,"✓"
"itunes-995880613","Aku Ingin Pulang","Ebiet G. Ade","Anthem Tongkrongan","2001",0,0,"✓"
"itunes-995880614","Camelia 2","Ebiet G. Ade","Anthem Tongkrongan","1979",0,0,"✓"
"itunes-995880616","Lagu Untuk Sebuah Nama","Ebiet G. Ade","Anthem Tongkrongan","1979",0,0,"✓"
"itunes-995880625","Untuk Kita Renungkan","Ebiet G. Ade","Anthem Tongkrongan","2001",0,0,"✓"
"itunes-995880624","Masih Ada Waktu","Ebiet G. Ade","Anthem Tongkrongan","1993",0,0,"✓"
"itunes-995880615","Elegi Esok Pagi","Ebiet G. Ade","Anthem Tongkrongan","2001",0,0,"✓"
"itunes-995880612","Nyanyian Rindu (New Arr)","Ebiet G. Ade","Anthem Tongkrongan","2001",0,0,"✓"
"itunes-995880628","Kalian Dengarkah Keluhanku","Ebiet G. Ade","Anthem Tongkrongan","1986",0,0,"✓"
"itunes-995880619","Cintaku Kandas Di Rerumputan","Ebiet G. Ade","Anthem Tongkrongan","2001",0,0,"✓"
"itunes-995880626","Rembulan Menangis","Ebiet G. Ade","Anthem Tongkrongan","2001",0,0,"✓"
"itunes-995880627","Seraut Wajah","Ebiet G. Ade","Anthem Tongkrongan","2001",0,0,"✓"
"itunes-995880617","Nyanyian Kasmaran","Ebiet G. Ade","Anthem Tongkrongan","2001",0,0,"✓"
"itunes-995880618","Camelia 1","Ebiet G. Ade","Anthem Tongkrongan","1979",0,0,"✓"
"itunes-995880622","Cinta Sebening Embun","Ebiet G. Ade","Anthem Tongkrongan","2001",0,0,"✓"
"itunes-995880620","Episode Cinta Yang Hilang","Ebiet G. Ade","Anthem Tongkrongan","1979",0,0,"✓"
"itunes-995880632","Nyanyian Ombak","Ebiet G. Ade","Anthem Tongkrongan","2010",0,0,"✓"
"itunes-995880621","Tatkala Letih Menunggu","Ebiet G. Ade","Anthem Tongkrongan","2001",0,0,"✓"
"itunes-995880629","Orang-Orang Terkucil","Ebiet G. Ade","Anthem Tongkrongan","2010",0,0,"✓"
"itunes-995880631","Hidupku Milikmu","Ebiet G. Ade","Anthem Tongkrongan","2008",0,0,"✓"
"itunes-995880630","Isyu","Ebiet G. Ade","Anthem Tongkrongan","2010",0,0,"✓"
"ed-sheeran-shape-of-you","Shape of You","Ed Sheeran","Western Hits","2017",968208,0,"✓"
"ed-sheeran-bad-habits","Bad Habits","Ed Sheeran","Western Hits","2021",920163,0,"✓"
"ed-sheeran-photograph","Photograph","Ed Sheeran","Western Hits","2014",884456,0,"✓"
"ed-sheeran-thinking-out-loud","Thinking Out Loud","Ed Sheeran","Western Hits","2014",878396,0,"✓"
"ed-sheeran-shivers","Shivers","Ed Sheeran","Western Hits","2021",825114,0,"✓"
"ed-sheeran-castle-on-the-hill","Castle on the Hill","Ed Sheeran","Western Hits","2017",808605,0,"✓"
"ed-sheeran-happier","Happier","Ed Sheeran","Western Hits","2017",794335,0,"✓"
"ed-sheeran-the-a-team","The A Team","Ed Sheeran","Western Hits","2010",767238,0,"✓"
"ed-sheeran-south-of-the-border-feat-camila-cabello-cardi-b","South of the Border (feat. Camila Cabello & Cardi B)","Ed Sheeran","Western Hits","2019",718221,0,"✓"
"ed-sheeran-beautiful-people-feat-khalid","Beautiful People (feat. Khalid)","Ed Sheeran","Western Hits","2019",665994,0,"✓"
"ed-sheeran-dive","Dive","Ed Sheeran","Western Hits","2017",664644,0,"✓"
"ed-sheeran-lego-house","Lego House","Ed Sheeran","Western Hits","2011",657014,0,"✓"
"ed-sheeran-kiss-me","Kiss Me","Ed Sheeran","Western Hits","2011",598168,0,"✓"
"ed-sheeran-justin-bieber-i-don-t-care","I Don't Care","Ed Sheeran & Justin Bieber","Western Hits","2019",809840,0,"✓"
"edane-kau-pikir-kaulah-segalanya-kau-maniz-kau-ibliz","Kau Pikir Kaulah Segalanya? (Kau Maniz Kau Ibliz)","Edane","Anthem Tongkrongan","2002",113544,0,"✓"
"edane-cry-out","Cry Out","Edane","Anthem Tongkrongan","2005",102168,0,"✓"
"edane-jadi-beken","Jadi Beken","Edane","Anthem Tongkrongan","2010",76970,0,"✓"
"edane-living-dead","Living Dead","Edane","Anthem Tongkrongan","2010",69596,0,"✓"
"edane-goblog","Goblog","Edane","Anthem Tongkrongan","2002",65924,0,"✓"
"edane-bintang-masa-depan","Bintang Masa Depan","Edane","Anthem Tongkrongan","2002",63249,0,"✓"
"edane-saksi-anarki","Saksi Anarki","Edane","Anthem Tongkrongan","2002",54004,0,"✓"
"edane-takkan-menghilang","Takkan Menghilang","Edane","Anthem Tongkrongan","2005",44058,0,"✓"
"edane-comin-down","Comin' Down","Edane","Anthem Tongkrongan","2010",42367,0,"✓"
"edane-zep-170-volts","Zep 170 Volts","Edane","Anthem Tongkrongan","2002",31674,0,"✓"
"edane-lusadiz","Lusadiz","Edane","Anthem Tongkrongan","2002",25699,0,"✓"
"edane-what-you-re-gonna-say","What You're Gonna Say","Edane","Anthem Tongkrongan","2010",22343,0,"✓"
"edane-lari-ii","Lari II","Edane","Anthem Tongkrongan","2002",21394,0,"✓"
"edane-kau-kugenggam","Kau Kugenggam","Edane","Anthem Tongkrongan","2002",13219,0,"✓"
"itunes-1081870794","Ling Ling Cinta Yang Hilang (feat. Budi Doremi)","Edric Tjandra","Galau Hits","2016",18676,0,"✓"
"efek-rumah-kaca-efek-rumah-kaca","Efek Rumah Kaca","Efek Rumah Kaca","Anthem Tongkrongan","2007",96059,0,"✓"
"efek-rumah-kaca-efek-rumah-kaca-live","Efek Rumah Kaca (Live)","Efek Rumah Kaca","Anthem Tongkrongan","2018",96059,0,"✓"
"efek-rumah-kaca-cinta-melulu","Cinta Melulu","Efek Rumah Kaca","Anthem Tongkrongan","2007",96059,0,"✓"
"efek-rumah-kaca-seperti-rahim-ibu-from-mata-najwa","Seperti Rahim Ibu (From "Mata Najwa")","Efek Rumah Kaca","Anthem Tongkrongan","2018",79837,0,"✓"
"efek-rumah-kaca-di-udara","Di Udara","Efek Rumah Kaca","Anthem Tongkrongan","2007",54156,0,"✓"
"efek-rumah-kaca-sebelah-mata","Sebelah Mata","Efek Rumah Kaca","Anthem Tongkrongan","2007",47484,0,"✓"
"efek-rumah-kaca-kau-dan-aku-menuju-ruang-hampa","Kau dan Aku Menuju Ruang Hampa","Efek Rumah Kaca","Anthem Tongkrongan","2008",41783,0,"✓"
"efek-rumah-kaca-merah","Merah","Efek Rumah Kaca","Anthem Tongkrongan","2015",41329,0,"✓"
"efek-rumah-kaca-putih","Putih","Efek Rumah Kaca","Anthem Tongkrongan","2015",41015,0,"✓"
"efek-rumah-kaca-lagu-kesepian","Lagu Kesepian","Efek Rumah Kaca","Anthem Tongkrongan","2008",33201,0,"✓"
"efek-rumah-kaca-biru","Biru","Efek Rumah Kaca","Anthem Tongkrongan","2015",31231,0,"✓"
"efek-rumah-kaca-melankolia","Melankolia","Efek Rumah Kaca","Anthem Tongkrongan","2007",26366,0,"✓"
"efek-rumah-kaca-jatuh-cinta-itu-biasa-saja","Jatuh Cinta Itu Biasa Saja","Efek Rumah Kaca","Anthem Tongkrongan","2007",2750,0,"✓"
"efek-rumah-kaca-jalang","Jalang","Efek Rumah Kaca","Anthem Tongkrongan","2007",1101,0,"✓"
"itunes-1641082205","Hold Me Closer","Elton John & Britney Spears","Western Hits","2022",762950,0,"✓"
"itunes-1578986673","Cold Heart (PNAU Remix)","Elton John & Dua Lipa","Western Hits","2021",906302,1,"✓"
"itunes-1202535271","Bulan di Ranting Cemara","Elvy Sukaesih","Pop Jawa & Koplo","2012",33377,0,"✓"
"itunes-1192280006","Sedingin Salju","Elvy Sukaesih","Pop Jawa & Koplo","2010",25823,0,"✓"
"itunes-1202535188","Pesta Panen","Elvy Sukaesih","Pop Jawa & Koplo","2012",21534,0,"✓"
"itunes-1192280001","Kejam","Elvy Sukaesih","Pop Jawa & Koplo","2010",21112,0,"✓"
"itunes-1192280000","Datang Untuk Pergi","Elvy Sukaesih","Pop Jawa & Koplo","2010",17907,0,"✓"
"itunes-1192280004","Kereta Malam","Elvy Sukaesih","Pop Jawa & Koplo","2010",8858,0,"✓"
"itunes-1192280002","Sebuah Nama","Elvy Sukaesih","Pop Jawa & Koplo","2010",8583,0,"✓"
"endank-soekamti-genit-feat-tipe-x","Genit (feat. Tipe-X)","Endank Soekamti","Anthem Tongkrongan","2022",49207,0,"✓"
"endank-soekamti-kembali","Kembali","Endank Soekamti","Anthem Tongkrongan","2001",25104,0,"✓"
"endank-soekamti-anak-nakal","Anak Nakal","Endank Soekamti","Anthem Tongkrongan","2001",24923,0,"✓"
"endank-soekamti-satyo-rio","Satyo & Rio","Endank Soekamti","Anthem Tongkrongan","2001",22136,0,"✓"
"endank-soekamti-seberapa-besar","Seberapa Besar","Endank Soekamti","Anthem Tongkrongan","2001",18785,0,"✓"
"endank-soekamti-bau-mulut","Bau Mulut","Endank Soekamti","Anthem Tongkrongan","2001",10027,0,"✓"
"endank-soekamti-kemari","Kemari","Endank Soekamti","Anthem Tongkrongan","2001",8823,0,"✓"
"endank-soekamti-yakin","Yakin","Endank Soekamti","Anthem Tongkrongan","2019",7001,0,"✓"
"endank-soekamti-love-death","Love Death","Endank Soekamti","Anthem Tongkrongan","2001",6896,0,"✓"
"endank-soekamti-carikan-cinta","Carikan Cinta","Endank Soekamti","Anthem Tongkrongan","2001",1069,0,"✓"
"endank-soekamti-pencuri-cinta","Pencuri Cinta","Endank Soekamti","Anthem Tongkrongan","2001",1069,0,"✓"
"endank-soekamti-siapkah-kau-tuk-jatuh-cinta-lagi-feat-hivi","Siapkah Kau 'Tuk Jatuh Cinta Lagi (feat. HIVI!)","Endank Soekamti","Anthem Tongkrongan","2022",0,0,"✓"
"itunes-1858952899","Ngamen 2","Eny Sagita","Pop Jawa & Koplo","2022",100000,0,"✓"
"itunes-1817657512","Ngamen 4","Eny Sagita","Pop Jawa & Koplo","2012",100000,0,"✓"
"itunes-1817657324","Ngamen 3","Eny Sagita","Pop Jawa & Koplo","2011",100000,0,"✓"
"itunes-1817657530","Ngamen 7 (feat. Cak Rul)","Eny Sagita","Pop Jawa & Koplo","2012",100000,0,"✓"
"itunes-1858910625","Kepaling","Eny Sagita","Pop Jawa & Koplo","2018",27033,0,"✓"
"itunes-1817658630","Gusdur","Eny Sagita","Pop Jawa & Koplo","2018",21396,0,"✓"
"itunes-1817657786","Ngamen 9","Eny Sagita","Pop Jawa & Koplo","2012",15511,0,"✓"
"itunes-1858951185","Ngamen 5","Eny Sagita","Pop Jawa & Koplo","2022",8494,0,"✓"
"itunes-1817657523","Ngamen 6","Eny Sagita","Pop Jawa & Koplo","2012",2477,0,"✓"
"itunes-1609104198","Jangan Semudah Ini","Erwin Gutawa & Andmesh","Galau Hits","2022",11798,0,"✓"
"itunes-1585340145","Tak Kuduga","Erwin Gutawa & Yura Yunita","Galau Hits","2021",21095,0,"✓"
"itunes-1501156101","Love Within","Eva Celia","Galau Hits","2020",317352,0,"✓"
"itunes-775174875","Christmas Song (feat. Indra Lesmana)","Eva Celia","Galau Hits","2013",100000,0,"✓"
"itunes-1490242804","And So It Begins","Eva Celia","Galau Hits","2016",31964,0,"✓"
"itunes-1490245774","Kala Senja","Eva Celia","Galau Hits","2019",31373,0,"✓"
"itunes-1490243235","Against Time","Eva Celia","Galau Hits","2016",25115,0,"✓"
"itunes-1490243236","Let Love Grow","Eva Celia","Galau Hits","2016",20956,0,"✓"
"itunes-6767762941","Crush","Eva Celia","Galau Hits","2023",18751,0,"✓"
"itunes-1490243233","Mother Wound","Eva Celia","Galau Hits","2016",18725,0,"✓"
"itunes-1490243231","Another You","Eva Celia","Galau Hits","2016",15921,0,"✓"
"itunes-1490243227","Reason","Eva Celia","Galau Hits","2015",15279,0,"✓"
"itunes-1490245773","Selfish","Eva Celia","Galau Hits","2019",13277,0,"✓"
"itunes-1490246107","All About You","Eva Celia","Galau Hits","2019",10010,0,"✓"
"itunes-1490243229","Interlude: A Strange Kind of Longing","Eva Celia","Galau Hits","2016",7752,0,"✓"
"itunes-1490245763","A Long Way","Eva Celia","Galau Hits","2019",2489,0,"✓"
"itunes-6767661725","Electric","Eva Celia","Galau Hits","2023",1,0,"✓"
"itunes-1490243228","Romans (12:2)","Eva Celia","Galau Hits","2016",0,0,"✓"
"evanescence-hello","Hello","Evanescence","Nostalgia 2000s","2003",636861,0,"✓"
"itunes-1861849636","Tanpa Rasa Bersalah","Fabio Asher","Galau Hits","2023",283428,0,"✓"
"itunes-1861849448","Setia Menunggumu","Fabio Asher","Galau Hits","2023",100000,0,"✓"
"itunes-1861849628","Pelangi (Pelan Pelan Menghilang)","Fabio Asher","Galau Hits","2023",100000,0,"✓"
"itunes-1861714279","Palsu","Fabio Asher","Galau Hits","2024",100000,0,"✓"
"itunes-1861695532","Berharap Kau Kembali","Fabio Asher","Galau Hits","2024",97703,0,"✓"
"itunes-1861808454","Hati Lain Di Hatimu","Fabio Asher","Galau Hits","2022",31586,0,"✓"
"itunes-1861714282","Mahir Memberi Luka","Fabio Asher","Galau Hits","2024",31224,0,"✓"
"itunes-1861714278","Mabuk Asmara","Fabio Asher","Galau Hits","2024",18521,0,"✓"
"itunes-1861714280","Tersisa Rindu","Fabio Asher","Galau Hits","2024",8822,0,"✓"
"itunes-1861714284","Boleh Kau Adu","Fabio Asher","Galau Hits","2024",2759,0,"✓"
"itunes-1861739510","Bertahan Terluka","Fabio Asher","Galau Hits","2022",0,0,"✓"
"itunes-1861828735","Akhir Yang Manis","Fabio Asher","Galau Hits","2022",0,0,"✓"
"itunes-6767539922","Aku Berjanji","Fabio Asher","Galau Hits","2025",0,0,"✓"
"itunes-6767538285","Bisakah?","Fabio Asher & Sammy Simorangkir","Galau Hits","2025",100000,0,"✓"
"itunes-1697473734","Emosi Jiwa (From "Catatan Si Boy")","Fabio Asher, Prinsa Mandagie & Andi Rianto","Galau Hits","2023",59801,0,"✓"
"fall-out-boy-centuries","Centuries","Fall Out Boy","Western Hits","2014",831238,0,"✓"
"fall-out-boy-thnks-fr-th-mmrs","Thnks Fr Th Mmrs","Fall Out Boy","Western Hits","2007",748673,0,"✓"
"fall-out-boy-dance-dance","Dance, Dance","Fall Out Boy","Western Hits","2005",748577,0,"✓"
"fall-out-boy-my-songs-know-what-you-did-in-the-dark-light-em-up","My Songs Know What You Did In The Dark (Light Em Up)","Fall Out Boy","Western Hits","2013",738368,0,"✓"
"fall-out-boy-immortals","Immortals","Fall Out Boy","Western Hits","2014",733922,0,"✓"
"fall-out-boy-this-ain-t-a-scene-it-s-an-arms-race","This Ain't a Scene, It's an Arms Race","Fall Out Boy","Western Hits","2007",728516,0,"✓"
"fall-out-boy-sugar-we-re-goin-down","Sugar, We're Goin Down","Fall Out Boy","Western Hits","2005",715185,0,"✓"
"fall-out-boy-the-phoenix","The Phoenix","Fall Out Boy","Western Hits","2013",682809,0,"✓"
"fall-out-boy-i-don-t-care","I Don't Care","Fall Out Boy","Western Hits","2008",564938,0,"✓"
"fall-out-boy-uma-thurman","Uma Thurman","Fall Out Boy","Western Hits","2015",563176,0,"✓"
"fall-out-boy-irresistible-feat-demi-lovato","Irresistible (feat. Demi Lovato)","Fall Out Boy","Western Hits","2015",556406,0,"✓"
"fall-out-boy-alone-together","Alone Together","Fall Out Boy","Western Hits","2013",517305,0,"✓"
"fall-out-boy-grand-theft-autumn-where-is-your-boy","Grand Theft Autumn / Where Is Your Boy","Fall Out Boy","Western Hits","2003",449768,0,"✓"
"fall-out-boy-novocaine","Novocaine","Fall Out Boy","Western Hits","2015",441180,0,"✓"
"fall-out-boy-tell-that-mick-he-just-made-my-list-of-things-to-do-today","Tell That Mick He Just Made My List of Things To Do Today","Fall Out Boy","Western Hits","2003",332072,0,"✓"
"fatboy-slim-michael-jackson","Michael Jackson","Fatboy Slim","Western Hits","1996",98578,0,"✓"
"itunes-1645040072","Bukan Kamu","Fatin & Ghea Indrawari","Galau Hits","2022",9443,0,"✓"
"itunes-1601676210","Rantau","Feby Putri","Galau Hits","2022",216290,0,"✓"
"itunes-1802575008","Bernaung (From "Setetes Embun Cinta Niyala")","Feby Putri","Galau Hits","2025",147334,0,"✓"
"itunes-1601676884","Dera","Feby Putri","Galau Hits","2022",147334,0,"✓"
"itunes-1601676885","Liar Angin","Feby Putri","Galau Hits","2021",127891,0,"✓"
"itunes-1601676592","Alih","Feby Putri","Galau Hits","2022",127891,0,"✓"
"itunes-1636257266","Tanpa Pamrih","Feby Putri","Galau Hits","2022",120595,0,"✓"
"itunes-1593163600","Halu","Feby Putri","Galau Hits","2019",74512,0,"✓"
"itunes-1601676893","Awal","Feby Putri","Galau Hits","2022",74512,0,"✓"
"itunes-1594239706","Usik","Feby Putri","Galau Hits","2019",71521,0,"✓"
"itunes-1601677148","Diri","Feby Putri","Galau Hits","2022",31444,0,"✓"
"itunes-1601677149","Berkesudahan","Feby Putri","Galau Hits","2022",27303,0,"✓"
"itunes-1766713906","Semoga Ada Waktu Luang","Feby Putri","Galau Hits","2024",26752,0,"✓"
"itunes-1601676602","Cahaya","Feby Putri","Galau Hits","2021",22276,0,"✓"
"itunes-1677749493","bagai bintang bulan","Feby Putri","Galau Hits","2023",20959,0,"✓"
"itunes-1677749322","sendiri dulu","Feby Putri","Galau Hits","2023",18404,0,"✓"
"itunes-1731322311","Halu (Mempersembahkan, Ibu)","Feby Putri","Galau Hits","2024",0,0,"✓"
"itunes-1594265417","Runtuh","Feby Putri & Fiersa Besari","Galau Hits","2021",216290,0,"✓"
"itunes-1701924615","Negeriku (feat. Badrus Zeman) [Collabonation Version]","Feby Putri, Nadin Amizah, Idgitaf & Vina Panduwinata","Galau Hits","2023",33173,0,"✓"
"itunes-1869207674","Celengan Rindu","Fiersa Besari","Galau Hits","2013",118830,0,"✓"
"itunes-1869207894","Tempat Aku Pulang","Fiersa Besari","Galau Hits","2013",118830,0,"✓"
"itunes-1861749434","Lekas Pulih","Fiersa Besari","Galau Hits","2020",100000,0,"✓"
"itunes-1861749154","Terima Kasih Dan Maaf","Fiersa Besari","Galau Hits","2018",100000,0,"✓"
"itunes-1861839712","Bandung","Fiersa Besari","Galau Hits","2015",100000,0,"✓"
"itunes-1861839709","Sepasang Pendaki","Fiersa Besari","Galau Hits","2015",100000,0,"✓"
"itunes-1861704974","Seperti Kita Dulu","Fiersa Besari","Galau Hits","2022",100000,0,"✓"
"itunes-1869207678","April","Fiersa Besari","Galau Hits","2013",96296,0,"✓"
"itunes-1861839705","Kau","Fiersa Besari","Galau Hits","2015",82485,0,"✓"
"itunes-1869207897","Waktu Yang Salah (feat. Thantri Sundari)","Fiersa Besari","Galau Hits","2013",82485,0,"✓"
"itunes-1861839706","Juara Kedua","Fiersa Besari","Galau Hits","2015",18145,0,"✓"
"itunes-1861749419","Melawan Hati","Fiersa Besari","Galau Hits","2020",15379,0,"✓"
"itunes-1861839727","Garis Terdepan","Fiersa Besari","Galau Hits","2015",11623,0,"✓"
"itunes-1861839704","Konspirasi Alam Semesta","Fiersa Besari","Galau Hits","2015",11623,0,"✓"
"itunes-1861749145","Bukan Lagu Valentine","Fiersa Besari","Galau Hits","2020",10976,0,"✓"
"itunes-1861839731","Nadir","Fiersa Besari","Galau Hits","2015",9773,0,"✓"
"itunes-1861839711","Rumah","Fiersa Besari","Galau Hits","2015",8805,0,"✓"
"itunes-1861748659","Belum Punah","Fiersa Besari","Galau Hits","2018",7788,0,"✓"
"itunes-1861839915","Hingga Napas Ini Habis","Fiersa Besari","Galau Hits","2015",1620,0,"✓"
"itunes-1869207892","Hidup 'Kan Baik-baik Saja","Fiersa Besari","Galau Hits","2013",0,0,"✓"
"itunes-1439975653","Petualangan","Fiersa Besari","Galau Hits","2018",0,0,"✓"
"itunes-1861687697","Melangkah Tanpamu","Fiersa Besari","Galau Hits","2012",0,0,"✓"
"itunes-1672180611","Ada Selamanya","Fiersa Besari & For Revenge","Galau Hits","2023",78730,0,"✓"
"itunes-1548355704","Anti Galau","Fitri Carlina","Pop Jawa & Koplo","2013",63450,0,"✓"
"itunes-1548355713","ABG Tua","Fitri Carlina","Pop Jawa & Koplo","2013",29608,0,"✓"
"itunes-1544176967","Gantengnya Pacarku","Fitri Carlina","Pop Jawa & Koplo","2014",10285,0,"✓"
"itunes-1740180376","Gantengnya Pacarku (feat. Kalia Siska)","Fitri Carlina","Pop Jawa & Koplo","2021",10285,0,"✓"
"itunes-1548356054","Yank","Fitri Carlina","Pop Jawa & Koplo","2013",3428,0,"✓"
"itunes-1548356274","Suka Sama Suka (feat. Saipul Jamil)","Fitri Carlina","Pop Jawa & Koplo","2014",3074,0,"✓"
"itunes-1548356268","Jangan Buru Buru","Fitri Carlina","Pop Jawa & Koplo","2014",0,0,"✓"
"itunes-1548356057","Dukun Cinta","Fitri Carlina","Pop Jawa & Koplo","2014",0,0,"✓"
"itunes-1544176502","Anti Galau (Koplo)","Fitri Carlina","Pop Jawa & Koplo","2014",0,0,"✓"
"itunes-1544176964","ABG Tua (Koplo)","Fitri Carlina","Pop Jawa & Koplo","2014",0,0,"✓"
"itunes-1548356263","Mendua","Fitri Carlina","Pop Jawa & Koplo","2014",0,0,"✓"
"flanella-tiada-duanya","Tiada Duanya","Flanella","Nostalgia 2000s","2015",100000,0,"✓"
"itunes-1657759015","God, Your Mama, And Me (feat. Backstreet Boys)","Florida Georgia Line","Western Hits","2016",294159,0,"✓"
"itunes-323684946","Bella ciao","Fonola Band","Galau Hits","1997",424572,0,"✓"
"fourtwnty-mangu-feat-charita-utami","Mangu (feat. Charita Utami)","Fourtwnty","Anthem Tongkrongan","2022",184630,0,"✓"
"fourtwnty-puisi-alam","Puisi Alam","Fourtwnty","Anthem Tongkrongan","2015",145208,0,"✓"
"fourtwnty-zona-nyaman-from-filosofi-kopi-2-ben-jody","Zona Nyaman (From "Filosofi Kopi 2: Ben & Jody")","Fourtwnty","Anthem Tongkrongan","2018",72354,0,"✓"
"fourtwnty-hitam-putih","Hitam Putih","Fourtwnty","Anthem Tongkrongan","2015",63250,0,"✓"
"fourtwnty-aku-tenang","Aku Tenang","Fourtwnty","Anthem Tongkrongan","2015",46960,0,"✓"
"fourtwnty-diam-diam-ku-bawa-1","Diam Diam Ku Bawa 1","Fourtwnty","Anthem Tongkrongan","2015",31665,0,"✓"
"fourtwnty-argumentasi-dimensi","Argumentasi Dimensi","Fourtwnty","Anthem Tongkrongan","2015",26525,0,"✓"
"fourtwnty-kusut","Kusut","Fourtwnty","Anthem Tongkrongan","2018",19626,0,"✓"
"fourtwnty-diskusi-senja","Diskusi Senja","Fourtwnty","Anthem Tongkrongan","2015",15353,0,"✓"
"itunes-882390580","Biarkan Hujan","Franky Sahilatua","Anthem Tongkrongan","1994",25086,0,"✓"
"itunes-1484133719","Karma","GUYON WATON","Pop Jawa & Koplo","2019",91821,0,"✓"
"itunes-1484151308","Sebatas Teman","GUYON WATON","Pop Jawa & Koplo","2019",30867,0,"✓"
"itunes-1563673648","Pisah","GUYON WATON","Pop Jawa & Koplo","2021",26045,0,"✓"
"itunes-1587684390","Pingal","GUYON WATON","Pop Jawa & Koplo","2021",22259,0,"✓"
"itunes-1585241319","Kelangan","GUYON WATON","Pop Jawa & Koplo","2021",20044,0,"✓"
"itunes-1554433855","Patah Hati","GUYON WATON","Pop Jawa & Koplo","2021",2821,0,"✓"
"itunes-1510409470","I Hope (feat. Charlie Puth)","Gabby Barrett","Western Hits","2020",514068,0,"✓"
"itunes-1059349908","Tak Seimbang (feat. Iwan Fals)","Geisha","Anthem Tongkrongan","2015",0,0,"✓"
"itunes-1875212140","1000X","Ghea Indrawari","Galau Hits","2026",122451,0,"✓"
"itunes-1683717739","Jiwa Yang Bersedih","Ghea Indrawari","Galau Hits","2023",112518,0,"✓"
"itunes-1731790712","Teramini","Ghea Indrawari","Galau Hits","2024",105777,0,"✓"
"itunes-1731790881","Terima Kasih Sudah Bertahan","Ghea Indrawari","Galau Hits","2024",67750,0,"✓"
"itunes-1802693060","Melangitkanmu","Ghea Indrawari","Galau Hits","2025",53892,0,"✓"
"itunes-1731790884","Manusia Paling Bahagia","Ghea Indrawari","Galau Hits","2024",44583,0,"✓"
"itunes-6771239836","DAUN DAUN","Ghea Indrawari","Galau Hits","2026",40022,0,"✓"
"itunes-1705165604","Masa Mudaku Habis","Ghea Indrawari","Galau Hits","2023",39571,0,"✓"
"itunes-1507719058","Rasa Cinta Ini","Ghea Indrawari","Galau Hits","2020",15810,0,"✓"
"itunes-1633308658","Berjalan Meninggalkanmu","Ghea Indrawari","Galau Hits","2022",11875,0,"✓"
"itunes-1769556914","Setengah Mati (From "Bila Esok Ibu Tiada")","Ghea Indrawari","Galau Hits","2024",11669,0,"✓"
"itunes-1796968479","Apa Itu Konsep Bahagia?","Ghea Indrawari","Galau Hits","2025",9041,0,"✓"
"itunes-1731790509","Malaikat","Ghea Indrawari","Galau Hits","2024",7295,0,"✓"
"itunes-1596219704","Kamu Anggap Apa","Ghea Indrawari","Galau Hits","2021",5452,0,"✓"
"itunes-1507719061","Keajaiban","Ghea Indrawari","Galau Hits","2020",2241,0,"✓"
"itunes-1561578714","Bucketlist (feat. Boy William) [Korean Version]","Ghea Indrawari","Galau Hits","2021",871,0,"✓"
"itunes-1434038537","Rinduku","Ghea Indrawari","Galau Hits","2018",0,0,"✓"
"itunes-1473005962","Kurelakan","Ghea Indrawari","Galau Hits","2019",0,0,"✓"
"itunes-1552878010","Bucketlist","Ghea Indrawari & Boy William","Galau Hits","2021",27066,0,"✓"
"itunes-1770187510","Sailor Song","Gigi Perez","Nostalgia 2000s","2025",943010,0,"✓"
"itunes-1774612172","Fable","Gigi Perez","Nostalgia 2000s","2025",666135,0,"✓"
"gildcoustic-kleru","Kleru","Gildcoustic","Pop Jawa & Koplo","2023",25539,0,"✓"
"gildcoustic-manot","Manot","Gildcoustic","Pop Jawa & Koplo","2023",0,0,"✓"
"gildcoustic-ginio","Ginio","Gildcoustic","Pop Jawa & Koplo","2023",0,0,"✓"
"gildcoustic-alum","Alum","Gildcoustic","Pop Jawa & Koplo","2024",0,0,"✓"
"gildcoustic-nglarani-ra-kiro-kiro","Nglarani Ra Kiro - Kiro","Gildcoustic","Pop Jawa & Koplo","2022",0,0,"✓"
"gildcoustic-nemen","Nemen","Gildcoustic","Pop Jawa & Koplo","2023",0,0,"✓"
"gildcoustic-pemain-ahli","Pemain ahli","Gildcoustic","Pop Jawa & Koplo","2025",0,0,"✓"
"itunes-1695868762","NEMEN","Gilga Sahid","Pop Jawa & Koplo","2023",32480,0,"✓"
"itunes-1694139255","Nemu","Gilga Sahid","Pop Jawa & Koplo","2023",31984,0,"✓"
"itunes-1694257686","Raiso Dadi Siji (feat. Niken Salindry)","Gilga Sahid","Pop Jawa & Koplo","2023",0,0,"✓"
"itunes-1692894711","Sisihan (feat. Delva)","Gilga Sahid","Pop Jawa & Koplo","2023",0,0,"✓"
"itunes-1700574318","Janji Menakne (feat. Mira Putri)","Gilga Sahid","Pop Jawa & Koplo","2023",0,0,"✓"
"itunes-307669598","Kembang Perawan","Gita Gutawa","Nostalgia 2000s","2007",77856,0,"✓"
"itunes-307669624","Doo Be Doo","Gita Gutawa","Nostalgia 2000s","2007",70661,0,"✓"
"itunes-307669605","Bukan Permainan","Gita Gutawa","Nostalgia 2000s","2007",66649,0,"✓"
"itunes-471904001","Parasit","Gita Gutawa","Nostalgia 2000s","2008",51407,0,"✓"
"itunes-471904271","Aku Cinta Dia","Gita Gutawa","Nostalgia 2000s","2008",46943,0,"✓"
"itunes-1566341735","Tanah Air","Gita Gutawa","Nostalgia 2000s","2017",29136,0,"✓"
"itunes-881905425","Hingga Akhir Waktu","Gita Gutawa","Nostalgia 2000s","2014",26345,0,"✓"
"itunes-307669792","Sahabat Kecilku","Gita Gutawa","Nostalgia 2000s","2007",25206,0,"✓"
"itunes-307669609","Surga Di Telapak Kakimu","Gita Gutawa","Nostalgia 2000s","2007",24987,0,"✓"
"itunes-307669748","Apa Kata Bintang","Gita Gutawa","Nostalgia 2000s","2007",22162,0,"✓"
"itunes-772010847","Rangkaian Kata","Gita Gutawa","Nostalgia 2000s","2013",13412,0,"✓"
"itunes-1566341393","Tanah Tumpah Darahku","Gita Gutawa","Nostalgia 2000s","2017",13283,0,"✓"
"itunes-401446470","Idul Fitri","Gita Gutawa","Nostalgia 2000s","2010",1691,0,"✓"
"itunes-909079799","Rumahku","Gita Gutawa","Nostalgia 2000s","2014",625,0,"✓"
"itunes-401446472","Jalan Lurus (Tombo Ati)","Gita Gutawa","Nostalgia 2000s","2010",0,0,"✓"
"itunes-1052264480","Rumahku (Radio Edit)","Gita Gutawa","Nostalgia 2000s","2015",0,0,"✓"
"itunes-311541875","Your Love (Duet)","Gita Gutawa & Delon","Nostalgia 2000s","2008",15761,0,"✓"
"itunes-1486283574","Romansa Ke Masa Depan","Glenn Fredly","Galau Hits","2019",212067,0,"✓"
"itunes-594253815","Januari","Glenn Fredly","Galau Hits","2002",141590,0,"✓"
"itunes-287028251","Januari (feat. Kenny G)","Glenn Fredly","Galau Hits","2008",141590,0,"✓"
"itunes-1486283736","Selesai","Glenn Fredly","Galau Hits","2019",115858,0,"✓"
"itunes-600419228","Malaikat Juga Tahu (from Rectoverso)","Glenn Fredly","Galau Hits","2013",111586,0,"✓"
"itunes-1486283580","Coklat (feat. Ariel Tatum)","Glenn Fredly","Galau Hits","2019",99658,0,"✓"
"itunes-326501562","Kisah Romantis","Glenn Fredly","Galau Hits","2005",96801,0,"✓"
"itunes-326503967","Kasih Putih","Glenn Fredly","Galau Hits","2000",91727,0,"✓"
"itunes-326501550","You Are My Everything (feat. Red)","Glenn Fredly","Galau Hits","2005",81979,0,"✓"
"itunes-287028245","Terserah","Glenn Fredly","Galau Hits","2008",68260,0,"✓"
"itunes-287028262","Akhir Cerita Cinta (Ost. Cinta Silver - Re-arrange Version)","Glenn Fredly","Galau Hits","2005",60090,0,"✓"
"itunes-326526620","Cukup Sudah","Glenn Fredly","Galau Hits","1998",55728,0,"✓"
"itunes-287028246","Hikayat Cintaku (feat. Dewi Persik)","Glenn Fredly","Galau Hits","2008",41114,0,"✓"
"itunes-1472756909","Kembali Ke Awal","Glenn Fredly","Galau Hits","2019",31446,0,"✓"
"itunes-358467083","Karena Cinta","Glenn Fredly","Galau Hits","2010",27477,0,"✓"
"itunes-287028248","Pada Satu Cinta","Glenn Fredly","Galau Hits","2002",11648,0,"✓"
"itunes-326526606","Kau (Jamsession)","Glenn Fredly","Galau Hits","1998",8471,0,"✓"
"itunes-358466586","Nyali Terakhir","Glenn Fredly","Galau Hits","2010",3210,0,"✓"
"itunes-287028249","Habis","Glenn Fredly","Galau Hits","2008",1771,0,"✓"
"itunes-326501598","Akhir Cerita Cinta (Re-Arranged Version)","Glenn Fredly","Galau Hits","2005",0,0,"✓"
"itunes-874183227","Sabda Rindu","Glenn Fredly & The Bakuucakar","Galau Hits","2012",6999,0,"✓"
"itunes-1831005583","Pesan Buat Negeriku","Gombloh","Anthem Tongkrongan","1993",100000,0,"✓"
"itunes-1831005584","Kebyar Kebyar","Gombloh","Anthem Tongkrongan","1993",72697,0,"✓"
"green-day-basket-case","Basket Case","Green Day","Western Hits","1994",883330,0,"✓"
"green-day-green-day","Green Day","Green Day","Western Hits","1990",883330,0,"✓"
"green-day-holiday","Holiday","Green Day","Western Hits","2004",867778,0,"✓"
"green-day-when-i-come-around","When I Come Around","Green Day","Western Hits","1994",744416,0,"✓"
"green-day-21-guns","21 Guns","Green Day","Western Hits","2009",743998,0,"✓"
"green-day-welcome-to-paradise","Welcome to Paradise","Green Day","Western Hits","1994",668326,0,"✓"
"green-day-know-your-enemy","Know Your Enemy","Green Day","Western Hits","2009",663096,0,"✓"
"green-day-she","She","Green Day","Western Hits","1994",609822,0,"✓"
"green-day-last-night-on-earth","Last Night On Earth","Green Day","Western Hits","2009",562241,0,"✓"
"green-day-still-breathing","Still Breathing","Green Day","Western Hits","2016",543284,0,"✓"
"green-day-give-me-novacaine","Give Me Novacaine","Green Day","Western Hits","2004",532959,0,"✓"
"green-day-whatsername","Whatsername","Green Day","Western Hits","2004",522136,0,"✓"
"guns-n-roses-sweet-child-o-mine","Sweet Child O' Mine","Guns N' Roses","Western Hits","1987",934281,0,"✓"
"guns-n-roses-knockin-on-heaven-s-door","Knockin' On Heaven's Door","Guns N' Roses","Western Hits","1991",912249,0,"✓"
"guns-n-roses-welcome-to-the-jungle","Welcome To The Jungle","Guns N' Roses","Western Hits","1987",887607,0,"✓"
"guns-n-roses-don-t-cry","Don't Cry","Guns N' Roses","Western Hits","1991",886795,0,"✓"
"guns-n-roses-november-rain","November Rain","Guns N' Roses","Western Hits","1991",862764,0,"✓"
"guns-n-roses-paradise-city","Paradise City","Guns N' Roses","Western Hits","1987",839016,0,"✓"
"guns-n-roses-patience","Patience","Guns N' Roses","Western Hits","1988",765119,0,"✓"
"guns-n-roses-civil-war","Civil War","Guns N' Roses","Western Hits","1991",740714,0,"✓"
"guns-n-roses-live-and-let-die","Live and Let Die","Guns N' Roses","Western Hits","1991",708882,0,"✓"
"guns-n-roses-rocket-queen","Rocket Queen","Guns N' Roses","Western Hits","1987",554804,0,"✓"
"guns-n-roses-you-could-be-mine-2022-remaster","You Could Be Mine (2022 Remaster)","Guns N' Roses","Western Hits","1991",298011,0,"✓"
"itunes-1726193449","Wirang","Guyon Waton","Pop Jawa & Koplo","2024",109748,0,"✓"
"itunes-1673952623","Sanes (feat. Denny Caknan)","Guyon Waton","Pop Jawa & Koplo","2023",106705,0,"✓"
"itunes-1694899846","Nemen","Guyon Waton","Pop Jawa & Koplo","2023",77771,0,"✓"
"itunes-1609612811","Kok Iso Yo?","Guyon Waton","Pop Jawa & Koplo","2022",66358,0,"✓"
"itunes-1362551174","Ora Masalah","Guyon Waton","Pop Jawa & Koplo","2018",43416,0,"✓"
"itunes-1837814986","Klebus","Guyon Waton","Pop Jawa & Koplo","2022",32729,0,"✓"
"itunes-1837814824","Perlahan (Akustik)","Guyon Waton","Pop Jawa & Koplo","2020",27154,0,"✓"
"itunes-1692019143","RASAKNO","Guyon Waton","Pop Jawa & Koplo","2023",26498,0,"✓"
"itunes-1837815049","Dalan Liyane","Guyon Waton","Pop Jawa & Koplo","2020",18355,0,"✓"
"itunes-1533957079","Ninggal Cerito (Purwokerto)","Guyon Waton","Pop Jawa & Koplo","2020",18343,0,"✓"
"itunes-1692888026","Crito Mustahil","Guyon Waton","Pop Jawa & Koplo","2023",13558,0,"✓"
"itunes-1724721951","Gampil","Guyon Waton","Pop Jawa & Koplo","2024",10325,0,"✓"
"itunes-1703793248","Pelanggaran","Guyon Waton","Pop Jawa & Koplo","2023",6979,0,"✓"
"gym-class-heroes-stereo-hearts-feat-adam-levine","Stereo Hearts (feat. Adam Levine)","Gym Class Heroes","Western Hits","2011",805903,0,"✓"
"hivi-siapkah-kau-tuk-jatuh-cinta-lagi","Siapkah Kau 'Tuk Jatuh Cinta Lagi","HIVI!","Nostalgia 2000s","2015",183642,0,"✓"
"hivi-siapkah-kau-tuk-jatuh-cinta-lagi-live","Siapkah Kau 'Tuk Jatuh Cinta Lagi (Live)","HIVI!","Nostalgia 2000s","2022",183642,0,"✓"
"hivi-remaja","Remaja","HIVI!","Nostalgia 2000s","2017",169393,0,"✓"
"hivi-mata-ke-hati-acoustic-version","Mata Ke Hati (Acoustic Version)","HIVI!","Nostalgia 2000s","2017",167386,0,"✓"
"hivi-pelangi","Pelangi","HIVI!","Nostalgia 2000s","2016",163792,0,"✓"
"hivi-gadis-sampul","Gadis Sampul","HIVI!","Nostalgia 2000s","2017",101835,0,"✓"
"hivi-kereta-kencan","Kereta Kencan","HIVI!","Nostalgia 2000s","2017",86877,0,"✓"
"hivi-satu-satunya","Satu-Satunya","HIVI!","Nostalgia 2000s","2018",56963,0,"✓"
"hivi-apa-adanya","Apa Adanya","HIVI!","Nostalgia 2000s","2017",18205,0,"✓"
"itunes-1776582596","I Adore You (feat. Topic, Arash & Daecolm)","HUGEL, J Balvin & Ellie Goulding","Western Hits","2024",935686,0,"✓"
"itunes-323083046","Salam Ramadhan Feat Gita Gutawa","Haddad Alwi","Nostalgia 2000s","2006",1460,0,"✓"
"itunes-1674477610","Rungkad (feat. The Saxo Brothers)","Happy Asmara","Pop Jawa & Koplo","2022",104257,0,"✓"
"itunes-6767773802","Sambel Terasi (Remix)","Happy Asmara","Pop Jawa & Koplo","2025",100000,0,"✓"
"itunes-1614399258","Pecah Seribu","Happy Asmara","Pop Jawa & Koplo","2022",100000,0,"✓"
"itunes-1610337662","Madiun Ngawi (feat. Denny Caknan)","Happy Asmara","Pop Jawa & Koplo","2022",100000,0,"✓"
"itunes-1746599380","Apakah Itu Cinta","Happy Asmara","Pop Jawa & Koplo","2017",53275,0,"✓"
"itunes-1728393582","Apik","Happy Asmara","Pop Jawa & Koplo","2024",53275,0,"✓"
"itunes-1577478917","Lemah Teles","Happy Asmara","Pop Jawa & Koplo","2021",48857,0,"✓"
"itunes-6805441982","Ngopi Maszeh","Happy Asmara","Pop Jawa & Koplo","2023",38140,0,"✓"
"itunes-6800323432","Tak Lalekne Kowe","Happy Asmara","Pop Jawa & Koplo","2019",28328,0,"✓"
"itunes-1541080388","Tak Ikhlasno","Happy Asmara","Pop Jawa & Koplo","2020",27122,0,"✓"
"itunes-1879963062","Dalan Liyane","Happy Asmara","Pop Jawa & Koplo","2023",25832,0,"✓"
"itunes-1737230340","Aku Tenang","Happy Asmara","Pop Jawa & Koplo","2020",21454,0,"✓"
"itunes-1864675230","Manot (feat. Gilga Sahid)","Happy Asmara","Pop Jawa & Koplo","2024",17829,0,"✓"
"itunes-1694002470","Ginio (feat. Gilga Sahid)","Happy Asmara","Pop Jawa & Koplo","2023",13772,0,"✓"
"itunes-1738444138","Bukan Cinta Biasa","Happy Asmara","Pop Jawa & Koplo","2020",8001,0,"✓"
"itunes-1740951303","Tatu","Happy Asmara","Pop Jawa & Koplo","2020",7821,0,"✓"
"itunes-6797550327","Lamunan (feat. Gilga Sahid)","Happy Asmara","Pop Jawa & Koplo","2024",7781,0,"✓"
"itunes-1743917096","Demi Kowe (feat. Gilga Sahid)","Happy Asmara","Pop Jawa & Koplo","2024",7778,0,"✓"
"itunes-1510521622","Biar Gendut Tetap Kucinta","Happy Asmara","Pop Jawa & Koplo","2020",3081,0,"✓"
"itunes-1670915189","Ikan Dalam Kolam","Happy Asmara","Pop Jawa & Koplo","2023",2477,0,"✓"
"itunes-1615585008","As It Was","Harry Styles","Western Hits","2022",969095,0,"✓"
"itunes-1226034393","Sign of the Times","Harry Styles","Western Hits","2017",962970,0,"✓"
"itunes-1870984036","American Girls","Harry Styles","Western Hits","2026",933725,0,"✓"
"itunes-1485802967","Watermelon Sugar","Harry Styles","Western Hits","2019",913278,0,"✓"
"itunes-1870984045","Coming Up Roses","Harry Styles","Western Hits","2026",881881,0,"✓"
"itunes-1485802970","Adore You","Harry Styles","Western Hits","2019",823628,0,"✓"
"itunes-1615585006","Late Night Talking","Harry Styles","Western Hits","2022",817010,0,"✓"
"itunes-1615585012","Matilda","Harry Styles","Western Hits","2022",806920,0,"✓"
"itunes-1870984033","Aperture","Harry Styles","Western Hits","2026",798980,0,"✓"
"itunes-1870984050","Dance No More","Harry Styles","Western Hits","2026",791381,0,"✓"
"itunes-1485802982","Fine Line","Harry Styles","Western Hits","2019",787371,0,"✓"
"itunes-1615585100","Satellite","Harry Styles","Western Hits","2022",773529,0,"✓"
"itunes-1485802975","Falling","Harry Styles","Western Hits","2019",759908,0,"✓"
"itunes-1485802966","Golden","Harry Styles","Western Hits","2019",734073,0,"✓"
"itunes-1615585001","Music For a Sushi Restaurant","Harry Styles","Western Hits","2022",670031,0,"✓"
"itunes-1226034796","Sweet Creature","Harry Styles","Western Hits","2017",666884,0,"✓"
"itunes-1226034810","Kiwi","Harry Styles","Western Hits","2017",650984,0,"✓"
"itunes-1485802977","She","Harry Styles","Western Hits","2019",646935,0,"✓"
"itunes-1615585009","Daylight","Harry Styles","Western Hits","2022",643398,0,"✓"
"itunes-1485802971","Lights Up","Harry Styles","Western Hits","2019",607322,0,"✓"
"itunes-1226034791","Two Ghosts","Harry Styles","Western Hits","2017",596595,0,"✓"
"itunes-1485802976","To Be So Lonely","Harry Styles","Western Hits","2019",569231,0,"✓"
"itunes-1485802979","Sunflower, Vol. 6","Harry Styles","Western Hits","2019",561265,0,"✓"
"itunes-1743448853","Wegah Pisah (feat. Mas Wahid)","Hendra Kumbara","Pop Jawa & Koplo","2019",100000,0,"✓"
"itunes-1669725607","Dino Liyane","Hendra Kumbara","Pop Jawa & Koplo","2020",100000,0,"✓"
"itunes-1669726559","Kangen Ra Ketulungan","Hendra Kumbara","Pop Jawa & Koplo","2020",100000,0,"✓"
"itunes-1669726959","Wayahe","Hendra Kumbara","Pop Jawa & Koplo","2020",100000,0,"✓"
"itunes-1671652671","Kadaluarso","Hendra Kumbara","Pop Jawa & Koplo","2021",100000,0,"✓"
"itunes-1669726548","Percoyo Aku","Hendra Kumbara","Pop Jawa & Koplo","2020",24889,0,"✓"
"itunes-1669727462","Kanggo Kowe","Hendra Kumbara","Pop Jawa & Koplo","2020",17828,0,"✓"
"itunes-1669725714","Dalan Liyane","Hendra Kumbara","Pop Jawa & Koplo","2019",8913,0,"✓"
"itunes-1819450436","Yowis","Hendra Kumbara","Pop Jawa & Koplo","2025",6866,0,"✓"
"itunes-1687254632","Dalan Liyane (Koplo)","Hendra Kumbara & Syalala Orkes Milenial","Pop Jawa & Koplo","2021",0,0,"✓"
"itunes-1189680693","Sesuatu Yang Sempurna","Hijau Daun","Nostalgia 2000s","2016",98298,0,"✓"
"itunes-1189802606","Ilusi Tak Bertepi","Hijau Daun","Nostalgia 2000s","2016",87013,0,"✓"
"itunes-382808342","Setiap Detik","Hijau Daun","Nostalgia 2000s","2010",51577,0,"✓"
"itunes-382808347","Aku Dan Air Mata","Hijau Daun","Nostalgia 2000s","2010",41656,0,"✓"
"itunes-382808348","Biarkan Waktu","Hijau Daun","Nostalgia 2000s","2010",28955,0,"✓"
"itunes-382808350","Aku Ingin Engkau","Hijau Daun","Nostalgia 2000s","2010",27092,0,"✓"
"itunes-456586488","Aku Ingin Engkau (feat. Astrid)","Hijau Daun","Nostalgia 2000s","2011",27092,0,"✓"
"itunes-1438949845","Misteri Cinta","Hijau Daun","Nostalgia 2000s","2018",20911,0,"✓"
"itunes-382808334","Bersama Terang","Hijau Daun","Nostalgia 2000s","2010",18796,0,"✓"
"itunes-382808355","Keinginan Tinggi","Hijau Daun","Nostalgia 2000s","2010",18428,0,"✓"
"itunes-1435472677","Aku Selalu Ada Untukmu","Hijau Daun","Nostalgia 2000s","2018",17874,0,"✓"
"itunes-1189806757","Ku Tetap Sayang","Hijau Daun","Nostalgia 2000s","2015",15852,0,"✓"
"itunes-1374562791","Pagar Makan Tanaman","Hijau Daun","Nostalgia 2000s","2018",12682,0,"✓"
"itunes-1189809732","Sakit Tapi Ku Rindu","Hijau Daun","Nostalgia 2000s","2016",11740,0,"✓"
"itunes-382808344","Pergi","Hijau Daun","Nostalgia 2000s","2010",11464,0,"✓"
"itunes-382808363","Bunda","Hijau Daun","Nostalgia 2000s","2010",8329,0,"✓"
"itunes-1571444665","Sandiwara Cintamu","Hijau Daun","Nostalgia 2000s","2021",6928,0,"✓"
"itunes-382808365","Cinta Dimana","Hijau Daun","Nostalgia 2000s","2010",3437,0,"✓"
"itunes-382808358","Sisa Hati","Hijau Daun","Nostalgia 2000s","2010",2483,0,"✓"
"itunes-382808353","Mendengar Dunia","Hijau Daun","Nostalgia 2000s","2010",2070,0,"✓"
"itunes-1802540947","Suara 2 (Bertaruh Rindu)","Hijau Daun","Nostalgia 2000s","2023",0,0,"✓"
"itunes-382808360","Kurindukanmu Namun (Dendam)","Hijau Daun","Nostalgia 2000s","2010",0,0,"✓"
"itunes-1512545846","Sesuatu Yang Sempurna (Acoustic)","Hijau Daun","Nostalgia 2000s","2020",0,0,"✓"
"hindia-rumah-ke-rumah","Rumah ke Rumah","Hindia","Galau Hits","2019",239424,0,"✓"
"hindia-everything-u-are","everything u are","Hindia","Galau Hits","2025",238849,0,"✓"
"hindia-secukupnya","Secukupnya","Hindia","Galau Hits","2019",193765,0,"✓"
"hindia-evaluasi","Evaluasi","Hindia","Galau Hits","2019",192528,0,"✓"
"hindia-cincin","Cincin","Hindia","Galau Hits","2023",167733,0,"✓"
"hindia-berdansalah-karir-ini-tak-ada-artinya","Berdansalah, Karir Ini Tak Ada Artinya","Hindia","Galau Hits","2023",154474,0,"✓"
"hindia-untuk-apa-untuk-apa","Untuk Apa / Untuk Apa?","Hindia","Galau Hits","2019",136141,0,"✓"
"hindia-kita-ke-sana","Kita Ke Sana","Hindia","Galau Hits","2023",128310,0,"✓"
"hindia-evakuasi","Evakuasi","Hindia","Galau Hits","2019",124970,0,"✓"
"hindia-membasuh-feat-rara-sekar","Membasuh (feat. Rara Sekar)","Hindia","Galau Hits","2019",121216,0,"✓"
"hindia-semua-lagu-cinta-terdengar-sama","semua lagu cinta terdengar sama","Hindia","Galau Hits","2025",117597,0,"✓"
"hindia-mata-air-feat-natasha-udu-kamga","Mata Air (feat. Natasha Udu & Kamga)","Hindia","Galau Hits","2019",104123,0,"✓"
"itunes-1481804579","Belum Tidur (feat. Sal Priadi)","Hindia","Galau Hits","2019",48737,0,"✓"
"hoobastank-the-reason","The Reason","Hoobastank","Western Hits","2003",813833,0,"✓"
"hoobastank-out-of-control","Out Of Control","Hoobastank","Western Hits","2003",587257,0,"✓"
"hoobastank-crawling-in-the-dark","Crawling In The Dark","Hoobastank","Western Hits","2001",555242,0,"✓"
"hoobastank-same-direction","Same Direction","Hoobastank","Western Hits","2003",528897,0,"✓"
"hoobastank-running-away","Running Away","Hoobastank","Western Hits","2001",365742,0,"✓"
"hoobastank-inside-of-you","Inside of You","Hoobastank","Western Hits","2006",332378,0,"✓"
"hoobastank-if-i-were-you","If I Were You","Hoobastank","Western Hits","2006",276162,0,"✓"
"hoobastank-the-reason-acoustic","The Reason (Acoustic)","Hoobastank","Western Hits","2003",203103,0,"✓"
"hoobastank-remember-me","Remember Me","Hoobastank","Western Hits","2001",199227,0,"✓"
"hoobastank-running-away-acoustic-version-non-album-bonus-track","Running Away (Acoustic Version / Non-Album Bonus Track)","Hoobastank","Western Hits","2002",160482,0,"✓"
"itunes-1837433138","Sedia Aku Sebelum Hujan","Idgitaf","Galau Hits","2025",157088,0,"✓"
"itunes-1623555549","Satu-Satu","Idgitaf","Galau Hits","2022",145895,0,"✓"
"itunes-1582402644","Takut","Idgitaf","Galau Hits","2021",118766,0,"✓"
"itunes-1766943492","Berakhir di Aku (Original Soundtrack From "Home Sweet Loan")","Idgitaf","Galau Hits","2024",65502,0,"✓"
"itunes-1672167439","Terpikat Senyummu (Live)","Idgitaf","Galau Hits","2023",49019,0,"✓"
"itunes-1695942912","Mengudara","Idgitaf","Galau Hits","2023",41841,0,"✓"
"itunes-1600420830","Sekuat Sesakit","Idgitaf","Galau Hits","2022",36907,0,"✓"
"itunes-1894225917","Masih Ada Cahaya (feat. Hindia)","Idgitaf","Galau Hits","2026",33008,0,"✓"
"itunes-1600421001","Kasur Tidur","Idgitaf","Galau Hits","2022",29286,0,"✓"
"itunes-1547435139","Hal Indah Butuh Waktu Untuk Datang","Idgitaf","Galau Hits","2020",22121,0,"✓"
"itunes-1695942907","Dermaga","Idgitaf","Galau Hits","2023",20888,0,"✓"
"itunes-1695943046","Akan Kukenang","Idgitaf","Galau Hits","2023",20883,0,"✓"
"itunes-1695942725","Lepaskan","Idgitaf","Galau Hits","2023",18887,0,"✓"
"itunes-1695942513","Mulai","Idgitaf","Galau Hits","2023",18217,0,"✓"
"itunes-1695943316","Kehilangan","Idgitaf","Galau Hits","2023",17997,0,"✓"
"itunes-1600421198","Semoga Sembuh (feat. Ezra Mandira)","Idgitaf","Galau Hits","2022",10213,0,"✓"
"itunes-1861125835","Rutinitas","Idgitaf","Galau Hits","2026",7913,0,"✓"
"itunes-1890735961","Mungkin di Depan Buram","Idgitaf","Galau Hits","2026",7098,0,"✓"
"itunes-1600420623","Berlagak Bahagia","Idgitaf","Galau Hits","2021",870,0,"✓"
"itunes-1454001606","Tamu Tak Diundang","Iis Dahlia","Pop Jawa & Koplo","1988",60706,0,"✓"
"itunes-1740184044","Payung Hitam","Iis Dahlia","Pop Jawa & Koplo","2021",25905,0,"✓"
"itunes-1481545460","Aku Bagai Tawanan","Iis Dahlia","Pop Jawa & Koplo","1990",2576,0,"✓"
"itunes-1475075461","Air Mata Tiada Arti","Iis Dahlia","Pop Jawa & Koplo","1997",962,0,"✓"
"itunes-1739369884","Seroja","Iis Dahlia","Pop Jawa & Koplo","1990",0,0,"✓"
"itunes-888995933","Jomblo Senior","Iis Dahlia","Pop Jawa & Koplo","2014",0,0,"✓"
"ikke-nurjanah-terlena","Terlena","Ikke Nurjanah","Pop Jawa & Koplo","2004",94116,0,"✓"
"ikke-nurjanah-memandangmu","Memandangmu","Ikke Nurjanah","Pop Jawa & Koplo","2004",58239,0,"✓"
"ikke-nurjanah-senyum-dan-hatimu","Senyum Dan Hatimu","Ikke Nurjanah","Pop Jawa & Koplo","2004",30898,0,"✓"
"ikke-nurjanah-fajar-1-syawal","Fajar 1 Syawal","Ikke Nurjanah","Pop Jawa & Koplo","2002",24808,0,"✓"
"ikke-nurjanah-munafik","Munafik","Ikke Nurjanah","Pop Jawa & Koplo","2003",21568,0,"✓"
"ikke-nurjanah-keagungan-tuhan","Keagungan Tuhan","Ikke Nurjanah","Pop Jawa & Koplo","2002",21261,0,"✓"
"ikke-nurjanah-minal-aidin-wal-faizin","Minal Aidin Wal Faizin","Ikke Nurjanah","Pop Jawa & Koplo","2002",8329,0,"✓"
"imagine-dragons-demons","Demons","Imagine Dragons","Western Hits","2012",958755,0,"✓"
"imagine-dragons-believer","Believer","Imagine Dragons","Western Hits","2017",946141,0,"✓"
"imagine-dragons-bad-liar","Bad Liar","Imagine Dragons","Western Hits","2018",934282,0,"✓"
"imagine-dragons-radioactive","Radioactive","Imagine Dragons","Western Hits","2012",907379,0,"✓"
"imagine-dragons-natural","Natural","Imagine Dragons","Western Hits","2018",901721,0,"✓"
"imagine-dragons-whatever-it-takes","Whatever It Takes","Imagine Dragons","Western Hits","2017",882792,0,"✓"
"imagine-dragons-bones","Bones","Imagine Dragons","Western Hits","2021",881701,0,"✓"
"imagine-dragons-thunder","Thunder","Imagine Dragons","Western Hits","2017",854402,0,"✓"
"imagine-dragons-on-top-of-the-world","On Top of the World","Imagine Dragons","Western Hits","2012",846652,0,"✓"
"imagine-dragons-it-s-time","It's Time","Imagine Dragons","Western Hits","2012",799104,0,"✓"
"imagine-dragons-jid-enemy-from-arcane-league-of-legends","Enemy (From Arcane: League of Legends)","Imagine Dragons & JID","Western Hits","2021",902680,0,"✓"
"itunes-1217693232","Bekas Pacar","Imam S. Arifin","Pop Jawa & Koplo","2014",27579,0,"✓"
"itunes-1217759814","Jandaku","Imam S. Arifin","Pop Jawa & Koplo","2014",19114,0,"✓"
"itunes-1217759816","Menari Diatas Luka","Imam S. Arifin","Pop Jawa & Koplo","2014",15603,0,"✓"
"itunes-1217693237","Tak Disangka Sangka","Imam S. Arifin","Pop Jawa & Koplo","2014",3074,0,"✓"
"itunes-1217693233","Potret Kenangan","Imam S. Arifin","Pop Jawa & Koplo","2014",25,0,"✓"
"itunes-1545722143","Citra Nusantara (feat. Eva Celia)","Indra Lesmana","Galau Hits","2021",3853,0,"✓"
"itunes-838084643","Masa Lalu","Inul Daratista","Pop Jawa & Koplo","2014",100000,0,"✓"
"itunes-1740180772","Goyang Inul","Inul Daratista","Pop Jawa & Koplo","2021",68548,0,"✓"
"itunes-838084644","Buaya Buntung","Inul Daratista","Pop Jawa & Koplo","2014",32835,0,"✓"
"itunes-838084646","Rasain Lho","Inul Daratista","Pop Jawa & Koplo","2014",27225,0,"✓"
"itunes-838084647","Mau Dong","Inul Daratista","Pop Jawa & Koplo","2014",10348,0,"✓"
"itunes-838084645","Arjunanya Buaya","Inul Daratista","Pop Jawa & Koplo","2014",0,0,"✓"
"itunes-974669079","Tetap Dalam Jiwa","Isyana Sarasvati","Galau Hits","2015",164699,0,"✓"
"itunes-931972316","Keep Being You","Isyana Sarasvati","Galau Hits","2014",148629,0,"✓"
"itunes-1050615679","Kau Adalah (feat. Rayi Putra)","Isyana Sarasvati","Galau Hits","2015",88413,0,"✓"
"itunes-1272134756","Lembaran Buku","Isyana Sarasvati","Galau Hits","2017",67087,0,"✓"
"itunes-1272134965","Winter Song","Isyana Sarasvati","Galau Hits","2017",66398,0,"✓"
"itunes-1272134963","Anganku Anganmu (with Raisa)","Isyana Sarasvati","Galau Hits","2017",65278,0,"✓"
"itunes-1050615675","Mimpi","Isyana Sarasvati","Galau Hits","2015",57153,0,"✓"
"itunes-1272134751","Terpesona (feat. Gamalièl)","Isyana Sarasvati","Galau Hits","2017",53513,0,"✓"
"itunes-1272134748","Echo","Isyana Sarasvati","Galau Hits","2017",38197,0,"✓"
"itunes-1227437169","Sekali Lagi (from "Critical Eleven")","Isyana Sarasvati","Galau Hits","2017",36517,0,"✓"
"itunes-1487794508","ragu Semesta","Isyana Sarasvati","Galau Hits","2019",27143,0,"✓"
"itunes-1050615672","All or Nothing","Isyana Sarasvati","Galau Hits","2015",25880,0,"✓"
"itunes-1162739299","The Way I Love You","Isyana Sarasvati","Galau Hits","2015",13399,0,"✓"
"itunes-1460646512","Lagu Cinta","Isyana Sarasvati, Afgan & Rendy Pandugo","Galau Hits","2019",115995,0,"✓"
"itunes-1459483356","Feel So Right","Isyana Sarasvati, Afgan & Rendy Pandugo","Galau Hits","2019",26859,0,"✓"
"itunes-1441525709","This Moment (feat. Maudy Ayunda)","Iwa K","Galau Hits","2018",26215,0,"✓"
"itunes-1670297020","Bebas (New Version)","Iwa K, Sheryl Sheinafia, Maizura, Agatha Pricilla & Cast","Galau Hits","2019",0,0,"✓"
"itunes-1663124678","Ibu","Iwan Fals","Anthem Tongkrongan","2009",161262,0,"✓"
"itunes-1059349921","Entah (feat. D’MASIV)","Iwan Fals","Anthem Tongkrongan","2015",134436,0,"✓"
"itunes-1663124675","Sugali","Iwan Fals","Anthem Tongkrongan","1984",54284,0,"✓"
"itunes-1192249458","Orang Pinggiran (feat. Franky Sahilatua)","Iwan Fals","Anthem Tongkrongan","2011",47585,0,"✓"
"itunes-1663124668","Siang Seberang Istana","Iwan Fals","Anthem Tongkrongan","1984",38432,0,"✓"
"itunes-1192249465","Terminal (feat. Franky Sahilatua)","Iwan Fals","Anthem Tongkrongan","2011",21676,0,"✓"
"iwan-fals-surat-wakil-rakyat","Surat Buat Wakil Rakyat","Iwan Fals","Anthem Tongkrongan","1987",0,1,"✓"
"itunes-1663124669","Galang Rambu Anarki","Iwan Fals","Anthem Tongkrongan","1982",0,0,"✓"
"itunes-1059349923","Ijinkan Aku Menyayangimu (feat. Geisha)","Iwan Fals","Anthem Tongkrongan","2015",0,0,"✓"
"itunes-1059349909","Yang Terlupakan (feat. Noah)","Iwan Fals","Anthem Tongkrongan","2015",0,0,"✓"
"itunes-1663124747","Ujung Aspal Pondok Gede","Iwan Fals","Anthem Tongkrongan","1985",0,0,"✓"
"itunes-1059349926","Pesawat Tempurku (feat. Nidji)","Iwan Fals","Anthem Tongkrongan","2015",0,0,"✓"
"itunes-1663124671","Tikus - Tikus Kantor","Iwan Fals","Anthem Tongkrongan","1998",0,0,"✓"
"itunes-1557561217","Terminal","Iwan Fals & Franky Sahilatua","Anthem Tongkrongan","1998",21676,0,"✓"
"itunes-804348038","Don't Matta","Iya Terra","Nostalgia 2000s","2014",280367,0,"✓"
"itunes-1515352288","Don't Matta (Live at Sugarshack Sessions)","Iya Terra","Nostalgia 2000s","2020",280367,0,"✓"
"itunes-1523100120","UN DIA (ONE DAY)","J Balvin, Dua Lipa, Bad Bunny & Tainy","Western Hits","2020",711236,0,"✓"
"j-rocks-lepaskan-diriku","Lepaskan Diriku","J-Rocks","Nostalgia 2000s","2005",122664,0,"✓"
"j-rocks-kau-curi-lagi","Kau Curi Lagi","J-Rocks","Nostalgia 2000s","2007",118352,0,"✓"
"j-rocks-kau-curi-lagi-feat-prisa","Kau Curi Lagi (feat. Prisa)","J-Rocks","Nostalgia 2000s","2007",118352,0,"✓"
"j-rocks-ceria","Ceria","J-Rocks","Nostalgia 2000s","2005",111369,0,"✓"
"j-rocks-fallin-in-love-indonesian-version","Fallin' In Love (Indonesian Version)","J-Rocks","Nostalgia 2000s","2009",99538,0,"✓"
"j-rocks-fallin-in-love","Fallin' In Love","J-Rocks","Nostalgia 2000s","2009",99538,0,"✓"
"j-rocks-cobalah-kau-mengerti","Cobalah Kau Mengerti","J-Rocks","Nostalgia 2000s","2007",92475,0,"✓"
"j-rocks-meraih-mimpi","Meraih Mimpi","J-Rocks","Nostalgia 2000s","2009",87000,0,"✓"
"j-rocks-selamat-tinggal-kekasihku","Selamat Tinggal Kekasihku","J-Rocks","Nostalgia 2000s","2005",68265,0,"✓"
"j-rocks-dance","Dance","J-Rocks","Nostalgia 2000s","2016",31264,0,"✓"
"j-rocks-selamat-jalan","Selamat Jalan","J-Rocks","Nostalgia 2000s","2017",26506,0,"✓"
"j-rocks-berharap-kau-kembali","Berharap Kau Kembali","J-Rocks","Nostalgia 2000s","2005",22586,0,"✓"
"j-rocks-tersesal","Tersesal","J-Rocks","Nostalgia 2000s","2007",22112,0,"✓"
"j-rocks-madu-dan-racun","Madu Dan Racun","J-Rocks","Nostalgia 2000s","2013",20730,0,"✓"
"j-rocks-entah-bagaimana","Entah Bagaimana","J-Rocks","Nostalgia 2000s","2005",1182,0,"✓"
"itunes-1622624619","Dua Lipa","Jack Harlow","Western Hits","2022",401941,0,"✓"
"jack-skrillex-diplo-where-are-now-with-justin-bieber-feat-justin-bieber","Where Are Ü Now (with Justin Bieber) [feat. Justin Bieber]","Jack Ü, Skrillex & Diplo","Western Hits","2015",730153,0,"✓"
"jamrud-selamat-ulang-tahun","Selamat Ulang Tahun","Jamrud","Anthem Tongkrongan","2002",151917,0,"✓"
"jamrud-pelangi-di-matamu","Pelangi Di Matamu","Jamrud","Anthem Tongkrongan","2000",128351,0,"✓"
"jamrud-berakit-rakit","Berakit-Rakit","Jamrud","Anthem Tongkrongan","2016",95802,0,"✓"
"jamrud-ningrat","Ningrat","Jamrud","Anthem Tongkrongan","2000",53991,0,"✓"
"jamrud-asal-british","Asal British","Jamrud","Anthem Tongkrongan","2000",51299,0,"✓"
"jamrud-surti-tejo","Surti Tejo","Jamrud","Anthem Tongkrongan","2000",31870,0,"✓"
"jamrud-terima-kasih","Terima Kasih","Jamrud","Anthem Tongkrongan","1999",30233,0,"✓"
"jamrud-rasa-cinta-padamu","Rasa Cinta Padamu","Jamrud","Anthem Tongkrongan","1995",25722,0,"✓"
"jamrud-waktuku-mandi","Waktuku Mandi","Jamrud","Anthem Tongkrongan","2002",24077,0,"✓"
"jamrud-maaf","Maaf","Jamrud","Anthem Tongkrongan","1997",22166,0,"✓"
"jamrud-kabari-aku","Kabari Aku","Jamrud","Anthem Tongkrongan","2000",15755,0,"✓"
"itunes-1753068845","Suci Maksimal","Jason Ranti","Anthem Tongkrongan","2017",37748,0,"✓"
"itunes-1753056319","Lagunya Begini, Nadanya Begitu","Jason Ranti","Anthem Tongkrongan","2022",31820,0,"✓"
"itunes-1753068602","Bahaya Komunis","Jason Ranti","Anthem Tongkrongan","2017",26710,0,"✓"
"itunes-1753068616","Pulang Ke Rahim Ibunya","Jason Ranti","Anthem Tongkrongan","2017",21867,0,"✓"
"itunes-1753068589","Kau Yang Cari","Jason Ranti","Anthem Tongkrongan","2017",21395,0,"✓"
"itunes-1753068137","Akibat Pergaulan Blues","Jason Ranti","Anthem Tongkrongan","2017",21395,0,"✓"
"itunes-1753068113","Stephanie Anak Senie","Jason Ranti","Anthem Tongkrongan","2017",18259,0,"✓"
"itunes-1753057009","Iman Cadangan","Jason Ranti","Anthem Tongkrongan","2022",18113,0,"✓"
"itunes-1753068462","Variasi Pink","Jason Ranti","Anthem Tongkrongan","2017",17874,0,"✓"
"itunes-1753057030","Tak Selamanya Blues Itu Blues","Jason Ranti","Anthem Tongkrongan","2022",11605,0,"✓"
"itunes-1753068130","Anggurman","Jason Ranti","Anthem Tongkrongan","2017",11499,0,"✓"
"itunes-1753068610","Kisah Tusuk Belakang Dari Tegal Rotan","Jason Ranti","Anthem Tongkrongan","2017",10151,0,"✓"
"itunes-1753056718","Penawar Rasa Ngambek","Jason Ranti","Anthem Tongkrongan","2022",8829,0,"✓"
"itunes-1733435760","Hari Hari Musik","Jason Ranti","Anthem Tongkrongan","2024",3766,0,"✓"
"itunes-1753068852","Doa Sejuta Umat (Live)","Jason Ranti","Anthem Tongkrongan","2017",3074,0,"✓"
"javi-vera-9ball","9BALL","Javi Vera","Nostalgia 2000s","2025",462585,0,"✓"
"javi-vera-getaway","GETAWAY","Javi Vera","Nostalgia 2000s","2025",373498,0,"✓"
"javi-vera-shush","SHUSH","Javi Vera","Nostalgia 2000s","2025",278632,0,"✓"
"jay-sean-guns-n-roses","Guns N Roses","Jay Sean","Western Hits","2013",85606,0,"✓"
"jessie-j-ariana-grande-nicki-minaj-bang-bang","Bang Bang","Jessie J, Ariana Grande & Nicki Minaj","Western Hits","2014",803883,0,"✓"
"itunes-184335660","Gravity","John Mayer","Western Hits","2006",646050,0,"✓"
"itunes-1568819309","New Light","John Mayer","Western Hits","2018",629936,0,"✓"
"itunes-283699774","Your Body Is a Wonderland","John Mayer","Western Hits","2001",620633,0,"✓"
"itunes-184335793","Slow Dancing in a Burning Room","John Mayer","Western Hits","2006",618725,0,"✓"
"itunes-184335560","Waiting On the World to Change","John Mayer","Western Hits","2006",616478,0,"✓"
"itunes-267891024","Say","John Mayer","Western Hits","2007",532146,0,"✓"
"itunes-184335777","Stop This Train","John Mayer","Western Hits","2006",531085,0,"✓"
"itunes-184335773","Vultures","John Mayer","Western Hits","2006",525200,0,"✓"
"itunes-6793251171","Half of My Heart","John Mayer","Western Hits","2009",510024,0,"✓"
"itunes-6793251172","Who Says","John Mayer","Western Hits","2009",494788,0,"✓"
"itunes-184335728","The Heart of Life","John Mayer","Western Hits","2006",484311,0,"✓"
"itunes-184335561","I Don't Trust Myself (With Loving You)","John Mayer","Western Hits","2006",480412,0,"✓"
"itunes-6793251440","Edge of Desire","John Mayer","Western Hits","2009",476404,0,"✓"
"itunes-199051362","Daughters","John Mayer","Western Hits","2003",457896,0,"✓"
"itunes-1224353031","Love on the Weekend","John Mayer","Western Hits","2016",447035,0,"✓"
"itunes-283699764","No Such Thing","John Mayer","Western Hits","2001",442747,0,"✓"
"itunes-1224353025","Still Feel Like Your Man","John Mayer","Western Hits","2017",432076,0,"✓"
"itunes-184335866","Dreaming with a Broken Heart","John Mayer","Western Hits","2006",415522,0,"✓"
"itunes-199050021","Clarity","John Mayer","Western Hits","2003",382968,0,"✓"
"itunes-283699769","Why Georgia","John Mayer","Western Hits","2001",354403,0,"✓"
"itunes-1421953620","New Light (Zookëper Remix)","John Mayer","Western Hits","2018",239488,0,"✓"
"john-summit-the-chainsmokers-ilsey-all-the-time","ALL THE TIME","John Summit, The Chainsmokers & Ilsey","Western Hits","2026",754546,0,"✓"
"jon-bon-jovi-blaze-of-glory","Blaze of Glory","Jon Bon Jovi","Western Hits","1990",660901,0,"✓"
"itunes-1609054974","With You (feat. Kunto Aji)","Jordy Waelauruw","Galau Hits","2017",0,0,"✓"
"itunes-1757868841","Bagaimana Kalau Aku Tidak Baik Baik Saja","Judika","Galau Hits","2021",184197,0,"✓"
"itunes-380467542","Bukan Dia Tapi Aku","Judika","Galau Hits","2010",145505,0,"✓"
"judika-jikalau-kau-cinta","Jikalau Kau Cinta","Judika","Anthem Tongkrongan","2018",119525,0,"✓"
"itunes-380467540","Setengah Mati Merindu","Judika","Galau Hits","2010",110171,0,"✓"
"itunes-380467544","Aku Yang Tersakiti","Judika","Galau Hits","2010",102840,0,"✓"
"itunes-1140071818","Jadi Aku Sebentar Saja","Judika","Galau Hits","2016",95769,0,"✓"
"itunes-1838518316","Putus Atau Terus","Judika","Galau Hits","2020",75626,0,"✓"
"itunes-1025007072","Sampai Kau Jadi Milikku","Judika","Galau Hits","2014",69972,0,"✓"
"itunes-1757868951","Tak Mungkin Bersama","Judika","Galau Hits","2020",67781,0,"✓"
"itunes-646622764","Bukan Rayuan Gombal","Judika","Galau Hits","2013",52944,0,"✓"
"itunes-646622763","Mama Papa Larang","Judika","Galau Hits","2012",31681,0,"✓"
"itunes-380467553","Aku Tak Begitu","Judika","Galau Hits","2010",22154,0,"✓"
"itunes-646622799","Cinta Satukan Kita","Judika","Galau Hits","2013",20905,0,"✓"
"itunes-380467547","Ku Tak Mampu","Judika","Galau Hits","2010",7870,0,"✓"
"itunes-1025007069","Apakah Ini Cinta","Judika","Galau Hits","2014",6962,0,"✓"
"itunes-1025007073","Aku Milikmu","Judika","Galau Hits","2014",3425,0,"✓"
"itunes-1025007134","Apakah Ini Cinta (Accoustic Version)","Judika","Galau Hits","2014",3097,0,"✓"
"itunes-1223145325","Lebih Dari Cinta","Judika","Galau Hits","2017",1982,0,"✓"
"judika-cinta-karena-cinta","Cinta Karena Cinta","Judika","Anthem Tongkrongan","2019",0,0,"✓"
"itunes-646622804","Sampai Akhir","Judika & Duma","Galau Hits","2013",121072,0,"✓"
"juicy-luicy-lantas","Lantas","Juicy Luicy","Galau Hits","2020",174003,0,"✓"
"juicy-luicy-tampar","Tampar","Juicy Luicy","Galau Hits","2022",125731,0,"✓"
"itunes-1535258740","Di Balik Layar","Juicy Luicy","Galau Hits","2019",105574,0,"✓"
"itunes-1724788460","HAHAHA","Juicy Luicy","Galau Hits","2024",101864,0,"✓"
"itunes-1749498368","Lampu Kuning","Juicy Luicy","Galau Hits","2024",98645,0,"✓"
"itunes-1351562426","Tanpa Tergesa","Juicy Luicy","Galau Hits","2018",79060,0,"✓"
"itunes-1821686944","Malapetaka","Juicy Luicy","Galau Hits","2025",69380,0,"✓"
"itunes-1456067729","Mawar Jingga","Juicy Luicy","Galau Hits","2019",69060,0,"✓"
"itunes-1696066950","Asing","Juicy Luicy","Galau Hits","2023",68433,0,"✓"
"itunes-1749497837","Bukan Orangnya","Juicy Luicy","Galau Hits","2024",66780,0,"✓"
"itunes-1535258907","Tak Terbaca","Juicy Luicy","Galau Hits","2019",53807,0,"✓"
"itunes-1535258915","Terlalu Tinggi","Juicy Luicy","Galau Hits","2016",53050,0,"✓"
"itunes-1506643478","Lagu Nikah","Juicy Luicy","Galau Hits","2020",38064,0,"✓"
"itunes-1535258749","H-5","Juicy Luicy","Galau Hits","2020",32769,0,"✓"
"itunes-1535258756","Jemari","Juicy Luicy","Galau Hits","2020",3428,0,"✓"
"itunes-1535258763","Kembali Kesepian","Juicy Luicy & Adrian Khalif","Galau Hits","2020",53590,0,"✓"
"justin-bieber-beauty-and-a-beat-feat-nicki-minaj","Beauty and a Beat (feat. Nicki Minaj)","Justin Bieber","Western Hits","2012",979804,0,"✓"
"justin-bieber-daisies","DAISIES","Justin Bieber","Western Hits","2025",938392,0,"✓"
"justin-bieber-baby-feat-ludacris","Baby (feat. Ludacris)","Justin Bieber","Western Hits","2010",878036,0,"✓"
"justin-bieber-boyfriend","Boyfriend","Justin Bieber","Western Hits","2012",819086,0,"✓"
"justin-bieber-yukon","YUKON","Justin Bieber","Western Hits","2025",797835,0,"✓"
"justin-bieber-that-should-be-me","That Should Be Me","Justin Bieber","Western Hits","2010",793881,0,"✓"
"justin-bieber-intentions-feat-quavo","Intentions (feat. Quavo)","Justin Bieber","Western Hits","2020",696904,0,"✓"
"justin-bieber-one-time","One Time","Justin Bieber","Western Hits","2009",668716,0,"✓"
"justin-bieber-one-less-lonely-girl","One Less Lonely Girl","Justin Bieber","Western Hits","2009",606732,0,"✓"
"justin-bieber-what-do-you-mean","What Do You Mean?","Justin Bieber","Western Hits","2015",553308,0,"✓"
"justin-bieber-sorry","Sorry","Justin Bieber","Western Hits","2015",507232,0,"✓"
"justin-bieber-love-yourself","Love Yourself","Justin Bieber","Western Hits","2015",72743,0,"✓"
"itunes-400946435","SexyBack (feat. Timbaland)","Justin Timberlake","Nostalgia 2000s","2006",889424,0,"✓"
"itunes-252606598","Rock Your Body","Justin Timberlake","Western Hits","2002",877218,0,"✓"
"itunes-252606592","Cry Me a River","Justin Timberlake","Western Hits","2002",866866,0,"✓"
"itunes-400946486","What Goes Around.../...Comes Around (Interlude)","Justin Timberlake","Western Hits","2006",863110,0,"✓"
"itunes-1154239184","CAN'T STOP THE FEELING!","Justin Timberlake","Western Hits","2016",859374,0,"✓"
"itunes-1441493608","Mirrors","Justin Timberlake","Western Hits","2013",858943,0,"✓"
"itunes-400946439","My Love (feat. T.I.)","Justin Timberlake","Western Hits","2006",808826,0,"✓"
"itunes-187666991","Summer Love","Justin Timberlake","Western Hits","2006",774589,0,"✓"
"itunes-1330760180","Say Something (feat. Chris Stapleton)","Justin Timberlake","Western Hits","2018",727728,0,"✓"
"itunes-252606581","Señorita","Justin Timberlake","Western Hits","2002",663067,0,"✓"
"itunes-252606583","Like I Love You","Justin Timberlake","Western Hits","2002",621177,0,"✓"
"itunes-1727024908","Selfish","Justin Timberlake","Western Hits","2024",601920,0,"✓"
"itunes-400946531","Until The End Of Time (with Beyoncé)","Justin Timberlake","Western Hits","2007",481589,0,"✓"
"itunes-1441493603","That Girl","Justin Timberlake","Western Hits","2013",385704,0,"✓"
"itunes-1330760178","Supplies","Justin Timberlake","Western Hits","2018",372591,0,"✓"
"itunes-1441493413","Drink You Away","Justin Timberlake","Western Hits","2013",317198,0,"✓"
"itunes-400946511","Until the End of Time","Justin Timberlake & The Benjamin Wright Orchestra","Western Hits","2006",481589,0,"✓"
"itunes-1154239655","Can't Stop the Feeling! (Film Version)","Justin Timberlake, Anna Kendrick, Gwen Stefani, James Corden, Zooey Deschanel, Ron Funches, Caroline Hjelt, Aino Jawo, Christopher Mintz-Plasse & Kunal Nayyar","Western Hits","2016",629866,0,"✓"
"itunes-1154238873","Hair Up","Justin Timberlake, Gwen Stefani & Ron Funches","Western Hits","2016",454438,0,"✓"
"itunes-1682993728","Heal","KZ Tandingan, Jona, Moira Dela Torre, Yura Yunita & Valentina Ploy","Galau Hits","2020",66759,0,"✓"
"itunes-808649233","Menanti","Kahitna","Galau Hits","2010",357166,0,"✓"
"itunes-809430201","Bila Saya","Kahitna","Galau Hits","1997",333698,0,"✓"
"itunes-808649231","Mantan Terindah","Kahitna","Galau Hits","2010",121883,0,"✓"
"itunes-808649227","Untukku","Kahitna","Galau Hits","2010",39046,0,"✓"
"itunes-809430202","Permaisuriku","Kahitna","Galau Hits","1997",0,0,"✓"
"itunes-808649228","Lebih Dari Sekedar Cantik","Kahitna","Galau Hits","2010",0,0,"✓"
"itunes-809430203","Engga Ngerti","Kahitna","Galau Hits","2000",0,0,"✓"
"kangen-band-karma","Karma","Kangen Band","Nostalgia 2000s","2007",100000,0,"✓"
"kangen-band-cinta-sampai-mati","Cinta Sampai Mati","Kangen Band","Nostalgia 2000s","2022",95462,0,"✓"
"kangen-band-terbang-bersamaku","Terbang Bersamaku","Kangen Band","Nostalgia 2000s","2009",68135,0,"✓"
"kangen-band-takkan-terganti","Takkan Terganti","Kangen Band","Nostalgia 2000s","2017",44048,0,"✓"
"kangen-band-menunggu","Menunggu","Kangen Band","Nostalgia 2000s","2007",32539,0,"✓"
"kangen-band-selingkuh","Selingkuh","Kangen Band","Nostalgia 2000s","2007",31983,0,"✓"
"kangen-band-tentang-bintang","Tentang Bintang","Kangen Band","Nostalgia 2000s","2007",29939,0,"✓"
"kangen-band-bidadari","Bidadari","Kangen Band","Nostalgia 2000s","2007",26916,0,"✓"
"kangen-band-jika","Jika","Kangen Band","Nostalgia 2000s","2007",26831,0,"✓"
"kangen-band-cinta-terlarang","Cinta Terlarang","Kangen Band","Nostalgia 2000s","2011",21134,0,"✓"
"kangen-band-cinta-sampai-mati-2","Cinta Sampai Mati 2","Kangen Band","Nostalgia 2000s","2022",10068,0,"✓"
"kangen-band-penantian","Penantian","Kangen Band","Nostalgia 2000s","2007",7713,0,"✓"
"itunes-1217559237","Dere","Karmate","Galau Hits","2015",30099,0,"✓"
"itunes-1440818912","Legendary Lovers","Katy Perry","Western Hits","2013",970980,0,"✓"
"itunes-716192666","The One That Got Away","Katy Perry","Western Hits","2010",970833,0,"✓"
"itunes-716192614","Last Friday Night (T.G.I.F.)","Katy Perry","Western Hits","2010",952235,0,"✓"
"itunes-1440819170","Dark Horse (feat. Juicy J)","Katy Perry","Western Hits","2013",944277,0,"✓"
"itunes-716602065","California Gurls (feat. Snoop Dogg)","Katy Perry","Western Hits","2010",928608,0,"✓"
"itunes-1440818897","Roar","Katy Perry","Western Hits","2013",927789,0,"✓"
"itunes-715891658","Hot n Cold","Katy Perry","Western Hits","2008",866727,0,"✓"
"itunes-716192601","Teenage Dream","Katy Perry","Western Hits","2010",848321,0,"✓"
"itunes-716085475","Part of Me","Katy Perry","Western Hits","2012",842504,0,"✓"
"itunes-1395645627","Chained To The Rhythm (feat. Skip Marley)","Katy Perry","Western Hits","2017",835565,0,"✓"
"itunes-716085504","Wide Awake","Katy Perry","Western Hits","2012",821717,0,"✓"
"itunes-716085557","E.T. (feat. Kanye West)","Katy Perry","Western Hits","2011",818578,0,"✓"
"itunes-1013032950","E.T.","Katy Perry","Western Hits","2010",818578,0,"✓"
"itunes-1440819164","Unconditionally","Katy Perry","Western Hits","2013",792257,0,"✓"
"itunes-1395645629","Bon Appétit (feat. Migos)","Katy Perry","Western Hits","2017",764844,0,"✓"
"itunes-1464985621","Never Really Over","Katy Perry","Western Hits","2019",643356,0,"✓"
"itunes-1513219916","Daisies","Katy Perry","Western Hits","2020",510194,0,"✓"
"itunes-715891620","I Kissed a Girl","Katy Perry","Western Hits","2008",501414,0,"✓"
"itunes-1692814825","Thinking of You","Katy Perry","Western Hits","2008",388273,0,"✓"
"itunes-716602067","Firework","Katy Perry","Western Hits","2010",65355,0,"✓"
"keane-somewhere-only-we-know","Somewhere Only We Know","Keane","Western Hits","2004",957480,0,"✓"
"keane-somewhere-only-we-know-remastered-2024","Somewhere Only We Know (Remastered 2024)","Keane","Western Hits","2019",957480,0,"✓"
"keane-everybody-s-changing","Everybody's Changing","Keane","Western Hits","2003",832165,0,"✓"
"keane-everybody-s-changing-remastered-2024","Everybody's Changing (Remastered 2024)","Keane","Western Hits","2024",832165,0,"✓"
"keane-is-it-any-wonder","Is It Any Wonder?","Keane","Western Hits","2006",584064,0,"✓"
"keane-silenced-by-the-night","Silenced By the Night","Keane","Western Hits","2012",577412,0,"✓"
"keane-nothing-in-my-way","Nothing In My Way","Keane","Western Hits","2006",531877,0,"✓"
"keane-a-bad-dream","A Bad Dream","Keane","Western Hits","2006",527374,0,"✓"
"keane-sovereign-light-caf","Sovereign Light Café","Keane","Western Hits","2012",485360,0,"✓"
"keane-love-too-much","Love Too Much","Keane","Western Hits","2019",371782,0,"✓"
"keane-afrojack-sovereign-light-caf-afrojack-remix","Sovereign Light Café (Afrojack Remix)","Keane & AFROJACK","Western Hits","2014",145476,0,"✓"
"itunes-1525795239","One Too Many","Keith Urban & P!nk","Western Hits","2020",495899,0,"✓"
"itunes-981555056","Peter Pan","Kelsea Ballerini","Nostalgia 2000s","2015",318205,0,"✓"
"kendrick-lamar-element","ELEMENT.","Kendrick Lamar","Nostalgia 2000s","2017",552157,0,"✓"
"itunes-1228748858","Setting the World On Fire (with P!nk)","Kenny Chesney","Western Hits","2016",343072,0,"✓"
"itunes-1623819715","Pernah Terluka","Kerispatih","Nostalgia 2000s","2022",21582,0,"✓"
"itunes-1717083108","Pesan Rindu","Kerispatih","Nostalgia 2000s","2023",14917,0,"✓"
"itunes-6768917452","One Ticket","Kizz Daniel & Davido","Nostalgia 2000s","2018",342436,0,"✓"
"itunes-1112710718","Masih Cinta","Kotak","Nostalgia 2000s","2008",141650,0,"✓"
"itunes-920176387","Aku Yang Tersakiti (with Judika)","Kotak","Nostalgia 2000s","2014",85600,0,"✓"
"itunes-1110820475","Selalu CInta","Kotak","Nostalgia 2000s","2010",69778,0,"✓"
"itunes-920176388","Sendiri","Kotak","Nostalgia 2000s","2014",47982,0,"✓"
"kotak-beraksi","Beraksi","Kotak","Anthem Tongkrongan","2008",42570,0,"✓"
"itunes-1110820471","Pelan Pelan Saja","Kotak","Nostalgia 2000s","2010",36188,0,"✓"
"itunes-920176374","Aku Percaya Pilihanku","Kotak","Nostalgia 2000s","2014",32098,0,"✓"
"itunes-920176372","Inspirasi Sahabat","Kotak","Nostalgia 2000s","2014",31793,0,"✓"
"itunes-1135642708","Kecuali Kamu","Kotak","Nostalgia 2000s","2012",30821,0,"✓"
"itunes-936248097","Kamu Adalah","Kotak","Nostalgia 2000s","2014",24850,0,"✓"
"itunes-936248104","Kamu Saja","Kotak","Nostalgia 2000s","2014",7195,0,"✓"
"itunes-1110820469","Apa Bisa","Kotak","Nostalgia 2000s","2010",1185,0,"✓"
"itunes-1135642723","Tinggalkan Saja","Kotak","Nostalgia 2000s","2008",0,0,"✓"
"itunes-1156309950","Teka Teki","Kotak & Anggun","Nostalgia 2000s","2016",38580,0,"✓"
"itunes-1710682689","Mercusuar","Kunto Aji","Galau Hits","2015",128349,0,"✓"
"itunes-1710682513","Terlalu Lama Sendiri","Kunto Aji","Galau Hits","2015",119605,0,"✓"
"itunes-1710682813","Gema","Kunto Aji","Galau Hits","2015",105946,0,"✓"
"itunes-1704324795","Orang Asing Dalam Cermin","Kunto Aji","Galau Hits","2023",91005,0,"✓"
"itunes-1710682194","Suara","Kunto Aji","Galau Hits","2015",76848,0,"✓"
"itunes-1704324788","Jernih","Kunto Aji","Galau Hits","2023",69318,0,"✓"
"itunes-6778883456","bERANI","Kunto Aji","Galau Hits","2026",69318,0,"✓"
"itunes-1704324793","Rona Merah Langit","Kunto Aji","Galau Hits","2023",64573,0,"✓"
"itunes-1710682505","Amatiran","Kunto Aji","Galau Hits","2015",41006,0,"✓"
"itunes-1710682204","Akhir Bulan","Kunto Aji","Galau Hits","2015",39297,0,"✓"
"itunes-1704324786","Jangan Melamun Saat Hujan","Kunto Aji","Galau Hits","2023",31932,0,"✓"
"itunes-1710682494","Ekspektasi","Kunto Aji","Galau Hits","2015",31225,0,"✓"
"itunes-1633952935","Salam Pada Rindu","Kunto Aji","Galau Hits","2022",30413,0,"✓"
"itunes-1704324775","Urip","Kunto Aji","Galau Hits","2023",29670,0,"✓"
"itunes-1710682791","Pengingat","Kunto Aji","Galau Hits","2015",25383,0,"✓"
"itunes-1704325191","Urup","Kunto Aji","Galau Hits","2023",21798,0,"✓"
"itunes-1710682214","Buka Buka Buka","Kunto Aji","Galau Hits","2015",18876,0,"✓"
"itunes-1735692500","Hiduplah Sebelum Mati","Kunto Aji","Galau Hits","2024",15696,0,"✓"
"itunes-1704324778","Melepas Pelukan Ibu","Kunto Aji","Galau Hits","2023",13580,0,"✓"
"itunes-1704324783","Asimetris","Kunto Aji","Galau Hits","2023",7949,0,"✓"
"itunes-1704325188","Perjalanan Menawar Racun","Kunto Aji","Galau Hits","2023",1930,0,"✓"
"itunes-1638951157","Selaras","Kunto Aji & Nadin Amizah","Galau Hits","2020",0,0,"✓"
"itunes-1713785285","Serious (feat. Matt Corby)","Kygo","Nostalgia 2000s","2016",311968,0,"✓"
"kygo-imagine-dragons-born-to-be-yours","Born to Be Yours","Kygo & Imagine Dragons","Western Hits","2018",734357,0,"✓"
"kygo-onerepublic-lose-somebody","Lose Somebody","Kygo & OneRepublic","Western Hits","2020",644092,0,"✓"
"itunes-1490411206","Geisha (feat. Molpé & Yann Le Tallec)","L'Impératrice, Charlotte Fever & Wugo","Galau Hits","2018",232244,0,"✓"
"itunes-1659644852","Nostalgia (feat. Vierratale)","L.Y.O.N","Galau Hits","2022",37520,0,"✓"
"lauv-i-like-me-better","I Like Me Better","LAUV","Western Hits","2017",787503,0,"✓"
"lauv-love-u-like-that","Love U Like That","LAUV","Western Hits","2023",520118,0,"✓"
"lauv-there-s-no-way-feat-julia-michaels","There's No Way (feat. Julia Michaels)","LAUV","Western Hits","2018",451933,0,"✓"
"lauv-paris-in-the-rain","Paris in the Rain","LAUV","Western Hits","2017",448712,0,"✓"
"lauv-all-4-nothing-i-m-so-in-love","All 4 Nothing (I'm So In Love)","LAUV","Western Hits","2022",426095,0,"✓"
"lauv-feelings","Feelings","LAUV","Western Hits","2019",396270,0,"✓"
"lauv-never-not","Never Not","LAUV","Western Hits","2018",374651,0,"✓"
"lauv-love-somebody","Love Somebody","LAUV","Western Hits","2020",303884,0,"✓"
"lauv-easy-love","Easy Love","LAUV","Western Hits","2017",288881,0,"✓"
"lauv-lany-mean-it","Mean It","LAUV & LANY","Western Hits","2019",392972,0,"✓"
"lauv-troye-sivan-i-m-so-tired","I'm So Tired...","LAUV & Troye Sivan","Western Hits","2019",631765,0,"✓"
"linkin-park-in-the-end","In the End","LINKIN PARK","Western Hits","2000",982895,0,"✓"
"linkin-park-numb-unshatter-film-soundtrack-live-in-s-o-paulo","Numb - Unshatter Film Soundtrack (Live in São Paulo)","LINKIN PARK","Western Hits","2026",252749,0,"✓"
"linkin-park-the-catalyst-unshatter-film-soundtrack-live-in-s-o-paulo","The Catalyst - Unshatter Film Soundtrack (Live in São Paulo)","LINKIN PARK","Western Hits","2026",243261,0,"✓"
"linkin-park-casualty-unshatter-film-soundtrack-live-in-s-o-paulo","Casualty - Unshatter Film Soundtrack (Live in São Paulo)","LINKIN PARK","Western Hits","2026",229068,0,"✓"
"linkin-park-in-the-end-unshatter-film-soundtrack-live-in-s-o-paulo","In the End - Unshatter Film Soundtrack (Live in São Paulo)","LINKIN PARK","Western Hits","2026",229068,0,"✓"
"linkin-park-lost-unshatter-film-soundtrack-live-in-s-o-paulo","Lost - Unshatter Film Soundtrack (Live in São Paulo)","LINKIN PARK","Western Hits","2026",225751,0,"✓"
"linkin-park-papercut-unshatter-film-soundtrack-live-in-s-o-paulo","Papercut - Unshatter Film Soundtrack (Live in São Paulo)","LINKIN PARK","Western Hits","2026",189949,0,"✓"
"itunes-1455271213","Thunderclouds (feat. Sia, Diplo & Labrinth)","LSD","Western Hits","2018",793454,0,"✓"
"itunes-1455271210","Genius (feat. Sia, Diplo & Labrinth)","LSD","Western Hits","2018",785800,0,"✓"
"itunes-1434372043","Always Remember Us This Way","Lady Gaga","Western Hits","2018",950944,0,"✓"
"itunes-1440857433","Judas","Lady Gaga","Western Hits","2011",914968,0,"✓"
"itunes-1476727675","Telephone (feat. Beyoncé)","Lady Gaga","Western Hits","2009",906620,0,"✓"
"itunes-1476727671","Alejandro","Lady Gaga","Western Hits","2009",879590,0,"✓"
"itunes-1440857734","Bloody Mary","Lady Gaga","Western Hits","2011",843303,0,"✓"
"itunes-1440818653","Just Dance (feat. Colby O'Donis)","Lady Gaga","Western Hits","2008",841986,0,"✓"
"itunes-1440818656","LoveGame","Lady Gaga","Western Hits","2008",802934,0,"✓"
"itunes-1440893897","Million Reasons","Lady Gaga","Western Hits","2016",801554,0,"✓"
"itunes-1451767879","Applause","Lady Gaga","Western Hits","2013",799352,0,"✓"
"itunes-1440857424","Born This Way","Lady Gaga","Western Hits","2011",759979,0,"✓"
"itunes-1440858186","The Edge of Glory","Lady Gaga","Western Hits","2011",701741,0,"✓"
"itunes-1476095086","Monster","Lady Gaga","Western Hits","2009",674802,0,"✓"
"itunes-1440858175","Yoü and I","Lady Gaga","Western Hits","2011",632464,0,"✓"
"itunes-1445051404","The Cure","Lady Gaga","Western Hits","2017",604049,0,"✓"
"itunes-1440779490","Poker Face (LLG vs. GLG Radio Mix)","Lady Gaga","Western Hits","2008",0,0,"✓"
"itunes-1500952424","Rain On Me","Lady Gaga & Ariana Grande","Western Hits","2020",800952,0,"✓"
"itunes-1434371887","Shallow","Lady Gaga & Bradley Cooper","Western Hits","2018",968235,0,"✓"
"itunes-1434372051","I Don't Know What Love Is","Lady Gaga & Bradley Cooper","Western Hits","2018",523968,0,"✓"
"itunes-1434372069","I'll Never Love Again (Film Version)","Lady Gaga & Bradley Cooper","Western Hits","2018",462647,0,"✓"
"itunes-1762656732","Die With A Smile","Lady Gaga & Bruno Mars","Western Hits","2024",491326,0,"✓"
"itunes-6770622562","Phone, Keys, Wallet","Lainey Wilson & John Mayer","Western Hits","2026",585274,0,"✓"
"lala-widy-kucing-garong","Kucing Garong","Lala Widy","Pop Jawa & Koplo","2021",17508,0,"✓"
"itunes-854862304","Wahai Pesona","Lata Mangeshkar & Rhoma Irama","Pop Jawa & Koplo","2000",21529,0,"✓"
"itunes-534146727","Karena Cinta","Laudya Chintya Bella","Nostalgia 2000s","2007",0,0,"✓"
"itunes-68870056","One Way Ticket (Because I Can)","LeAnn Rimes","Nostalgia 2000s","1996",175775,0,"✓"
"itunes-1511978806","Summer Feelings (feat. Charlie Puth)","Lennon Stella","Western Hits","2020",533140,0,"✓"
"lewis-capaldi-someone-you-loved","Someone You Loved","Lewis Capaldi","Western Hits","2018",961885,0,"✓"
"lewis-capaldi-before-you-go","Before You Go","Lewis Capaldi","Western Hits","2019",875126,0,"✓"
"lewis-capaldi-bruises","Bruises","Lewis Capaldi","Western Hits","2017",766090,0,"✓"
"lewis-capaldi-wish-you-the-best","Wish You The Best","Lewis Capaldi","Western Hits","2023",737253,0,"✓"
"lewis-capaldi-something-in-the-heavens","Something In The Heavens","Lewis Capaldi","Western Hits","2025",732508,0,"✓"
"lewis-capaldi-hold-me-while-you-wait","Hold Me While You Wait","Lewis Capaldi","Western Hits","2019",723255,0,"✓"
"lewis-capaldi-love-the-hell-out-of-you","Love The Hell Out Of You","Lewis Capaldi","Western Hits","2023",611235,0,"✓"
"lewis-capaldi-forever","Forever","Lewis Capaldi","Western Hits","2019",609711,0,"✓"
"lewis-capaldi-grace","Grace","Lewis Capaldi","Western Hits","2018",578969,0,"✓"
"lewis-capaldi-the-day-that-i-die","The Day That I Die","Lewis Capaldi","Western Hits","2025",571772,0,"✓"
"lewis-capaldi-one","One","Lewis Capaldi","Western Hits","2019",525255,0,"✓"
"lewis-capaldi-lost-on-you","Lost on You","Lewis Capaldi","Western Hits","2017",480057,0,"✓"
"lewis-capaldi-rush-feat-jessie-reyez","Rush (feat. Jessie Reyez)","Lewis Capaldi","Western Hits","2018",472156,0,"✓"
"lewis-capaldi-tough","Tough","Lewis Capaldi","Western Hits","2018",380396,0,"✓"
"lizzo-coldplay","Coldplay","Lizzo","Western Hits","2022",200061,0,"✓"
"lobow-kau-cantik-hari-ini","Kau Cantik Hari Ini","Lobow","Nostalgia 2000s","2008",100000,0,"✓"
"lobow-ironis","Ironis","Lobow","Nostalgia 2000s","2008",6849,0,"✓"
"lobow-belum-siap-aku-kehilanganmu","Belum Siap Aku Kehilanganmu","Lobow","Nostalgia 2000s","2020",2764,0,"✓"
"lobow-terus-bersinar","Terus Bersinar","Lobow","Nostalgia 2000s","2008",0,0,"✓"
"lobow-satu-jam-lagi","Satu Jam Lagi","Lobow","Nostalgia 2000s","2008",0,0,"✓"
"lobow-yang-terbaik","Yang Terbaik","Lobow","Nostalgia 2000s","2008",0,0,"✓"
"lobow-ingatkan-aku","Ingatkan Aku","Lobow","Nostalgia 2000s","2008",0,0,"✓"
"lobow-jadi-diri-sendiri","Jadi Diri Sendiri","Lobow","Nostalgia 2000s","2008",0,0,"✓"
"lobow-jangan-memaksa","Jangan Memaksa","Lobow","Nostalgia 2000s","2008",0,0,"✓"
"itunes-1824412321","No where (feat. Feby Putri)","Loco","Galau Hits","2025",68331,0,"✓"
"luis-fonsi-daddy-yankee-despacito-feat-justin-bieber-remix","Despacito (feat. Justin Bieber) [Remix]","Luis Fonsi & Daddy Yankee","Western Hits","2017",843059,0,"✓"
"itunes-1883990554","naradira","Luthfi Aulia & Feby Putri","Galau Hits","2020",0,0,"✓"
"itunes-1668797647","Janji (feat. Ghea Indrawari)","Lyla","Galau Hits","2019",383133,0,"✓"
"itunes-6773339867","Melodi Cinta-Mu Tuhan (feat. Iskandar Widjaja)","Lyodra","Galau Hits","2026",100000,0,"✓"
"itunes-1572465622","Didia Rokkap Hi","Lyodra","Galau Hits","2019",24104,0,"✓"
"itunes-1566377252","Never Grow Up","Lyodra, Di Atas Rata-Rata & Erwin Gutawa","Galau Hits","2017",32164,0,"✓"
"itunes-1566340944","Dear Dream","Lyodra, Di Atas Rata-Rata & Erwin Gutawa","Galau Hits","2017",25923,0,"✓"
"itunes-1566377880","Bersama","Lyodra, Nada Badra & Kafin Sulthan","Galau Hits","2017",28900,0,"✓"
"itunes-1566371615","Bersama","Lyodra, Nada Badra & Rafi Sudirman","Galau Hits","2015",28900,0,"✓"
"itunes-1566377456","Stop Bully","Lyodra, Olivola & Di Atas Rata-Rata","Galau Hits","2017",5,0,"✓"
"itunes-1538384825","Indonesia Jaya","Lyodra, Tiara Andini & Ziva Magnolya","Galau Hits","2020",30859,0,"✓"
"maliq-d-essentials-aduh","Aduh","MALIQ & D'Essentials","Nostalgia 2000s","2023",149316,0,"✓"
"maliq-d-essentials-kita-bikin-romantis","Kita Bikin Romantis","MALIQ & D'Essentials","Nostalgia 2000s","2024",117307,0,"✓"
"maliq-d-essentials-semoga","Semoga","MALIQ & D'Essentials","Nostalgia 2000s","2021",68546,0,"✓"
"maliq-d-essentials-senja-teduh-pelita","Senja Teduh Pelita","MALIQ & D'Essentials","Nostalgia 2000s","2019",64158,0,"✓"
"maliq-d-essentials-pertama","Pertama","MALIQ & D'Essentials","Nostalgia 2000s","2021",54065,0,"✓"
"maliq-d-essentials-kumpul-bocah-original-soundtrack-from-jumbo","Kumpul Bocah (Original Soundtrack From “JUMBO")","MALIQ & D'Essentials","Nostalgia 2000s","2025",46443,0,"✓"
"maliq-d-essentials-begini-begitu","Begini Begitu","MALIQ & D'Essentials","Nostalgia 2000s","2024",38460,0,"✓"
"maliq-d-essentials-hari-terakhir","Hari Terakhir","MALIQ & D'Essentials","Nostalgia 2000s","2024",32949,0,"✓"
"maliq-d-essentials-bagaimana-kutahu","Bagaimana Kutahu","MALIQ & D'Essentials","Nostalgia 2000s","2017",14263,0,"✓"
"maliq-d-essentials-terus-terang","Terus Terang","MALIQ & D'Essentials","Nostalgia 2000s","2024",8579,0,"✓"
"itunes-1577926061","Aku Cinta Kau Dan Dia","MALIQ & D'Essentials & Dewa 19","Nostalgia 2000s","2021",109202,0,"✓"
"maliq-d-essentials-dewa-19-kamulah-satu-satunya","Kamulah Satu-Satunya","MALIQ & D'Essentials & Dewa 19","Nostalgia 2000s","2021",23545,0,"✓"
"maliq-d-essentials-dewa-19-aku-disini-untukmu","Aku Disini Untukmu","MALIQ & D'Essentials & Dewa 19","Nostalgia 2000s","2021",22020,0,"✓"
"mac-miller-my-favorite-part-feat-ariana-grande","My Favorite Part (feat. Ariana Grande)","Mac Miller","Western Hits","2016",697776,0,"✓"
"itunes-278674476","4 Minutes (feat. Justin Timberlake & Timbaland)","Madonna","Western Hits","2008",871215,0,"✓"
"itunes-1784999240","Mencintaimu","Mahalini","Galau Hits","2024",153553,0,"✓"
"itunes-1667239596","Bawa Dia Kembali","Mahalini","Galau Hits","2023",136028,0,"✓"
"itunes-1763553877","Sampai Menutup Mata","Mahalini","Galau Hits","2024",132709,0,"✓"
"itunes-1557456160","Melawan Restu","Mahalini","Galau Hits","2021",128084,0,"✓"
"itunes-1667204621","Bohongi Hati","Mahalini","Galau Hits","2023",111653,0,"✓"
"itunes-1615992645","Kisah Sempurna","Mahalini","Galau Hits","2022",103686,0,"✓"
"itunes-1846781247","Untuk Yang Bersama Nya","Mahalini","Galau Hits","2025",91656,0,"✓"
"itunes-1667239600","Putar Waktu","Mahalini","Galau Hits","2023",81185,0,"✓"
"itunes-1846780908","Bermimpi","Mahalini","Galau Hits","2025",21637,0,"✓"
"itunes-1667239588","Ini Laguku","Mahalini","Galau Hits","2023",16648,0,"✓"
"itunes-1523423877","Aku Yang Salah","Mahalini & Nuca","Galau Hits","2020",78662,0,"✓"
"itunes-1600443939","Janji Kita","Mahalini & Nuca","Galau Hits","2021",68090,0,"✓"
"itunes-1645054462","Satu Tuju","Mahalini & Rizky Febian","Galau Hits","2022",30799,0,"✓"
"itunes-1694793017","Titans (feat. Sia & Labrinth)","Major Lazer","Nostalgia 2000s","2021",1069,0,"✓"
"itunes-1703335842","Titans (Major Lazer VIP Remix) [feat. Sia & Labrinth]","Major Lazer","Nostalgia 2000s","2021",0,0,"✓"
"itunes-1453156367","Dua Dua","Mansyur S","Pop Jawa & Koplo","2005",340532,0,"✓"
"itunes-1453155958","Air Mata Perkawinan","Mansyur S","Pop Jawa & Koplo","2005",22031,0,"✓"
"itunes-1453155965","Pagar Makan Tanaman","Mansyur S","Pop Jawa & Koplo","2005",21616,0,"✓"
"itunes-1453156121","Cinta Sampai Disini","Mansyur S","Pop Jawa & Koplo","2005",18495,0,"✓"
"itunes-1212860075","Pelaminan Kelabu","Mansyur S","Pop Jawa & Koplo","2012",10449,0,"✓"
"itunes-1453155979","Zubaedah","Mansyur S","Pop Jawa & Koplo","2005",9003,0,"✓"
"itunes-1212860050","Gadis Atau Janda","Mansyur S","Pop Jawa & Koplo","2012",6923,0,"✓"
"itunes-1453156353","Pesan Perpisahan","Mansyur S","Pop Jawa & Koplo","2005",6088,0,"✓"
"itunes-1453156129","Terimalah Dia Yang Malang","Mansyur S","Pop Jawa & Koplo","2005",3828,0,"✓"
"itunes-1453155973","Rembulan Bersinar Lagi","Mansyur S","Pop Jawa & Koplo","2005",2235,0,"✓"
"itunes-1193942323","Pura-Pura","Mansyur S","Pop Jawa & Koplo","2009",2002,0,"✓"
"itunes-1453156115","Khana","Mansyur S","Pop Jawa & Koplo","1998",1802,0,"✓"
"itunes-1453156360","Air Tuba","Mansyur S","Pop Jawa & Koplo","2005",1799,0,"✓"
"marcel-siahaan-once-mekel-sammy-simorangkir-pemuda","Pemuda","Marcel Siahaan, Once Mekel & Sammy Simorangkir","Galau Hits","2018",0,0,"✓"
"marcell-kini","Kini","Marcell","Galau Hits","2013",473524,0,"✓"
"marcell-takkan-terganti","Takkan Terganti","Marcell","Galau Hits","2011",110758,0,"✓"
"marcell-peri-cintaku","Peri Cintaku","Marcell","Galau Hits","2011",95983,0,"✓"
"marcell-bahasa-kalbu","Bahasa Kalbu","Marcell","Galau Hits","2013",25188,0,"✓"
"marcell-hampa","Hampa","Marcell","Galau Hits","2013",6735,0,"✓"
"mariah-carey-against-all-odds-take-a-look-at-me-now-feat-westlife","Against All Odds (Take a Look At Me Now) [feat. Westlife]","Mariah Carey","Western Hits","2000",502299,0,"✓"
"mark-ronson-uptown-funk-feat-bruno-mars","Uptown Funk (feat. Bruno Mars)","Mark Ronson","Western Hits","2014",951385,0,"✓"
"maroon-5-animals","Animals","Maroon 5","Western Hits","2014",919036,0,"✓"
"maroon-5-she-will-be-loved","She Will Be Loved","Maroon 5","Western Hits","2002",889272,0,"✓"
"maroon-5-one-more-night","One More Night","Maroon 5","Western Hits","2012",876459,0,"✓"
"maroon-5-this-love","This Love","Maroon 5","Western Hits","2002",870649,0,"✓"
"maroon-5-what-lovers-do-feat-sza","What Lovers Do (feat. SZA)","Maroon 5","Western Hits","2017",794296,0,"✓"
"maroon-5-sunday-morning","Sunday Morning","Maroon 5","Western Hits","2002",774884,0,"✓"
"maroon-5-girls-like-you-feat-cardi-b","Girls Like You (feat. Cardi B)","Maroon 5","Western Hits","2018",676624,0,"✓"
"maroon-5-won-t-go-home-without-you","Won't Go Home Without You","Maroon 5","Western Hits","2007",625950,0,"✓"
"maroon-5-love-somebody","Love Somebody","Maroon 5","Western Hits","2012",583594,0,"✓"
"maroon-5-wait","Wait","Maroon 5","Western Hits","2017",538614,0,"✓"
"maroon-5-moves-like-jagger-feat-christina-aguilera","Moves Like Jagger (feat. Christina Aguilera)","Maroon 5","Western Hits","2010",271751,0,"✓"
"maroon-5-maps","Maps","Maroon 5","Western Hits","2014",160676,0,"✓"
"maroon-5-megan-thee-stallion-beautiful-mistakes","Beautiful Mistakes","Maroon 5 & Megan Thee Stallion","Western Hits","2021",802936,0,"✓"
"itunes-1196786344","Scared to Be Lonely","Martin Garrix & Dua Lipa","Western Hits","2017",790157,0,"✓"
"martin-solveig-dragonette-hello-dance-version","Hello (Dance Version)","Martin Solveig & Dragonette","Nostalgia 2000s","2024",114423,0,"✓"
"itunes-1099363163","Perahu Kertas","Maudy Ayunda","Galau Hits","2012",114246,0,"✓"
"itunes-1466118949","Kamu & Kenangan (Original Soundtrack Habibie & Ainun 3)","Maudy Ayunda","Galau Hits","2019",72412,0,"✓"
"itunes-1490086736","Kamu & Kenangan","Maudy Ayunda","Galau Hits","2019",72412,0,"✓"
"itunes-1099363242","Untuk Apa","Maudy Ayunda","Galau Hits","2015",71246,0,"✓"
"itunes-1498131422","Believe (feat. Justin Timberlake)","Meek Mill","Western Hits","2020",307831,0,"✓"
"itunes-1743233484","Noah","Megan Moroney","Nostalgia 2000s","2024",234628,0,"✓"
"itunes-1844493449","Noah (Live)","Megan Moroney","Nostalgia 2000s","2025",234628,0,"✓"
"itunes-1894868590","Mahal","Meggy Z","Pop Jawa & Koplo","2009",100000,0,"✓"
"itunes-1894868698","Aku Orang Tak Punya","Meggy Z","Pop Jawa & Koplo","2009",100000,0,"✓"
"itunes-1894868592","Cinta Hitam","Meggy Z","Pop Jawa & Koplo","1991",100000,0,"✓"
"itunes-1894868574","Sakit Hati","Meggy Z","Pop Jawa & Koplo","2009",100000,0,"✓"
"itunes-1894868572","Senyum Membawa Luka","Meggy Z","Pop Jawa & Koplo","2009",53773,0,"✓"
"itunes-1849808274","Benang Biru","Meggy Z","Pop Jawa & Koplo","2006",35128,0,"✓"
"itunes-1346406942","Mata Air Cinta","Meggy Z","Pop Jawa & Koplo","2014",10154,0,"✓"
"melly-goeslaw-bimbang","Bimbang","Melly Goeslaw","Galau Hits","2002",152911,0,"✓"
"melly-goeslaw-kubahagia","Kubahagia","Melly Goeslaw","Galau Hits","2002",143863,0,"✓"
"melly-goeslaw-jika","Jika","Melly Goeslaw","Galau Hits","1999",118055,0,"✓"
"melly-goeslaw-jika-feat-ari-lasso","Jika (feat. Ari Lasso)","Melly Goeslaw","Galau Hits","1999",118055,0,"✓"
"melly-goeslaw-cinta-with-kris-dayanti","Cinta (with. Kris Dayanti)","Melly Goeslaw","Galau Hits","2005",103276,0,"✓"
"melly-goeslaw-ketika-cinta-bertasbih","Ketika Cinta Bertasbih","Melly Goeslaw","Galau Hits","2009",103276,0,"✓"
"melly-goeslaw-menghitung-hari","Menghitung Hari","Melly Goeslaw","Galau Hits","1999",89566,0,"✓"
"melly-goeslaw-promise-from-promise","Promise (From "Promise")","Melly Goeslaw","Galau Hits","2016",75322,0,"✓"
"melly-goeslaw-gantung","Gantung","Melly Goeslaw","Galau Hits","2006",74451,0,"✓"
"melly-goeslaw-suara-hati-seorang-kekasih","Suara Hati Seorang Kekasih","Melly Goeslaw","Galau Hits","2002",48694,0,"✓"
"melly-goeslaw-kembalikan-senyumku","Kembalikan Senyumku","Melly Goeslaw","Galau Hits","2011",11685,0,"✓"
"itunes-534146732","Let's Dance Together (feat. BBB) [Remix]","Melly Goeslaw","Nostalgia 2000s","2007",0,0,"✓"
"melly-goeslaw-love-story-feat-irwansyah","Love Story (feat. Irwansyah)","Melly Goeslaw","Galau Hits","2011",0,0,"✓"
"melly-goeslaw-eric-erlangga-ada-apa-dengan-cinta","Ada Apa Dengan Cinta","Melly Goeslaw & Eric Erlangga","Galau Hits","2002",152911,0,"✓"
"itunes-1210328727","Memang Kenapa Bila Aku Perempuan?","Melly Goeslaw & Gita Gutawa","Nostalgia 2000s","2017",0,0,"✓"
"melly-goeslaw-marthino-lio-ratusan-purnama","Ratusan Purnama","Melly Goeslaw & Marthino Lio","Galau Hits","2016",0,0,"✓"
"itunes-1830382349","Take Me Thru Dere","Metro Boomin, Quavo, Breskii & YK NIECE","Galau Hits","2025",390274,0,"✓"
"michael-jackson-smooth-criminal","Smooth Criminal","Michael Jackson","Western Hits","1987",981768,0,"✓"
"michael-jackson-billie-jean","Billie Jean","Michael Jackson","Western Hits","1982",971418,0,"✓"
"michael-jackson-beat-it","Beat It","Michael Jackson","Western Hits","1982",970264,0,"✓"
"michael-jackson-thriller","Thriller","Michael Jackson","Western Hits","1982",942416,0,"✓"
"michael-jackson-dirty-diana","Dirty Diana","Michael Jackson","Western Hits","1987",936950,0,"✓"
"michael-jackson-chicago","Chicago","Michael Jackson","Western Hits","2014",929403,0,"✓"
"michael-jackson-don-t-stop-til-you-get-enough","Don't Stop 'Til You Get Enough","Michael Jackson","Western Hits","1979",926325,0,"✓"
"michael-jackson-human-nature","Human Nature","Michael Jackson","Western Hits","1982",915016,0,"✓"
"michael-jackson-you-rock-my-world","You Rock My World","Michael Jackson","Western Hits","2001",906456,0,"✓"
"itunes-159295278","Heal the World","Michael Jackson","Western Hits","1991",899313,0,"✓"
"michael-jackson-p-y-t-pretty-young-thing","P.Y.T. (Pretty Young Thing)","Michael Jackson","Western Hits","1982",867743,0,"✓"
"michael-jackson-remember-the-time","Remember the Time","Michael Jackson","Western Hits","1991",850942,0,"✓"
"michael-jackson-man-in-the-mirror","Man In the Mirror","Michael Jackson","Western Hits","1987",842795,0,"✓"
"michael-jackson-rock-with-you-single-version","Rock with You (Single Version)","Michael Jackson","Western Hits","1979",599984,0,"✓"
"itunes-850697815","Love Never Felt So Good","Michael Jackson & Justin Timberlake","Western Hits","2014",642078,0,"✓"
"michael-learns-to-rock-take-me-to-your-heart","Take Me To Your Heart","Michael Learns to Rock","Western Hits","2004",283042,0,"✓"
"michael-learns-to-rock-i-ll-wait-for-you","I'll Wait for You","Michael Learns to Rock","Western Hits","2015",193286,0,"✓"
"michael-learns-to-rock-the-actor-remix-99","The Actor (Remix '99)","Michael Learns to Rock","Western Hits","1999",181090,0,"✓"
"michael-learns-to-rock-complicated-heart-2002-remaster","Complicated Heart (2002 Remaster)","Michael Learns to Rock","Western Hits","1993",110558,0,"✓"
"michael-learns-to-rock-you-took-my-heart-away-2002-remaster","You Took My Heart Away (2002 Remaster)","Michael Learns to Rock","Western Hits","2000",103045,0,"✓"
"michael-learns-to-rock-we-shared-the-night","We Shared the Night","Michael Learns to Rock","Western Hits","2016",95331,0,"✓"
"michael-learns-to-rock-out-of-the-blue-2002-remaster","Out of the Blue (2002 Remaster)","Michael Learns to Rock","Western Hits","1993",72155,0,"✓"
"michael-learns-to-rock-paint-my-love-2002-remaster","Paint My Love (2002 Remaster)","Michael Learns to Rock","Western Hits","1996",72155,0,"✓"
"michael-learns-to-rock-crushing-blue","Crushing Blue","Michael Learns to Rock","Western Hits","2016",66008,0,"✓"
"michael-learns-to-rock-breaking-my-heart-2002-remaster","Breaking My Heart (2002 Remaster)","Michael Learns to Rock","Western Hits","1997",54879,0,"✓"
"michael-learns-to-rock-nothing-to-lose-2002-remaster","Nothing To Lose (2002 Remaster)","Michael Learns to Rock","Western Hits","1997",0,0,"✓"
"itunes-165274273","Fairy Tale","Michael Wong","Nostalgia 2000s","2005",69099,0,"✓"
"itunes-163296591","第一次","Michael Wong","Nostalgia 2000s","2001",0,0,"✓"
"mike-mohede-cukup-siti-nurbaya-feat-sammy-simorangkir","Cukup Siti Nurbaya (feat. Sammy Simorangkir)","Mike Mohede","Galau Hits","2015",22077,0,"✓"
"itunes-1541088825","Prisoner (feat. Dua Lipa)","Miley Cyrus","Western Hits","2020",721156,0,"✓"
"miranda-lambert-mama-s-broken-heart","Mama's Broken Heart","Miranda Lambert","Western Hits","2011",425969,0,"✓"
"miranda-lambert-gunpowder-lead","Gunpowder & Lead","Miranda Lambert","Western Hits","2007",405328,0,"✓"
"miranda-lambert-the-house-that-built-me","The House That Built Me","Miranda Lambert","Western Hits","2009",387119,0,"✓"
"miranda-lambert-kerosene","Kerosene","Miranda Lambert","Western Hits","2005",345609,0,"✓"
"miranda-lambert-vice","Vice","Miranda Lambert","Western Hits","2016",310346,0,"✓"
"miranda-lambert-tin-man","Tin Man","Miranda Lambert","Western Hits","2016",299725,0,"✓"
"miranda-lambert-run","Run","Miranda Lambert","Western Hits","2024",185931,0,"✓"
"itunes-1563173601","Indahnya Sepi","Mondo Gascaro & White Shoes & The Couples Company","Nostalgia 2000s","2018",15318,0,"✓"
"itunes-1592749381","Memulai Kembali","Monita Tahalea","Galau Hits","2015",95007,0,"✓"
"itunes-1592749382","168","Monita Tahalea","Galau Hits","2015",54788,0,"✓"
"itunes-1693790692","Sesaat Yang Abadi","Monita Tahalea","Galau Hits","2018",30417,0,"✓"
"itunes-1592749385","Saat Teduh","Monita Tahalea","Galau Hits","2015",29384,0,"✓"
"itunes-586449392","Ingatlah","Monita Tahalea","Galau Hits","2010",25465,0,"✓"
"itunes-1592749718","I'll Be Fine","Monita Tahalea","Galau Hits","2015",23898,0,"✓"
"itunes-1693790697","Laila","Monita Tahalea","Galau Hits","2020",22122,0,"✓"
"itunes-1592749717","Tak Sendiri (feat. Gaby Cristy)","Monita Tahalea","Galau Hits","2015",21623,0,"✓"
"itunes-1592749383","Perahu","Monita Tahalea","Galau Hits","2015",21348,0,"✓"
"itunes-1592749379","Hai","Monita Tahalea","Galau Hits","2015",19195,0,"✓"
"itunes-1592749384","Bisu (feat. Sri Hanuraga)","Monita Tahalea","Galau Hits","2015",18819,0,"✓"
"itunes-586449391","Kisah Yang Indah","Monita Tahalea","Galau Hits","2010",11634,0,"✓"
"itunes-1592749721","Breathe","Monita Tahalea","Galau Hits","2015",11588,0,"✓"
"itunes-1563173593","Perkenalan Perdana","Monita Tahalea","Galau Hits","2018",11474,0,"✓"
"itunes-586449394","Senja","Monita Tahalea","Galau Hits","2010",0,0,"✓"
"itunes-586449393","Over the Rainbow","Monita Tahalea","Galau Hits","2010",0,0,"✓"
"itunes-586449403","Di Batas Mimpi","Monita Tahalea","Galau Hits","2010",0,0,"✓"
"itunes-586449395","I Love You","Monita Tahalea","Galau Hits","2010",0,0,"✓"
"morfem-rayakan-pemenang","Rayakan Pemenang","Morfem","Anthem Tongkrongan","2014",52950,0,"✓"
"morfem-memento","Memento","Morfem","Anthem Tongkrongan","2016",42158,0,"✓"
"morfem-planet-berbeda","Planet Berbeda","Morfem","Anthem Tongkrongan","2014",22448,0,"✓"
"morfem-tidur-dimanapun-bermimpi-kapanpun","Tidur Dimanapun Bermimpi Kapanpun","Morfem","Anthem Tongkrongan","2011",20884,0,"✓"
"morfem-senjakala-cerita","Senjakala Cerita","Morfem","Anthem Tongkrongan","2020",15558,0,"✓"
"morfem-kuning","Kuning","Morfem","Anthem Tongkrongan","2016",15224,0,"✓"
"morfem-jungkir-balik","Jungkir Balik","Morfem","Anthem Tongkrongan","2016",11674,0,"✓"
"morfem-bocah-cadel-lampu-merah","Bocah Cadel Lampu Merah","Morfem","Anthem Tongkrongan","2020",6936,0,"✓"
"morfem-binar-wajah-sebaya","Binar Wajah Sebaya","Morfem","Anthem Tongkrongan","2020",5769,0,"✓"
"morfem-megah-diterima","Megah Diterima","Morfem","Anthem Tongkrongan","2022",1182,0,"✓"
"morfem-roman-underground","Roman Underground","Morfem","Anthem Tongkrongan","2016",0,0,"✓"
"morfem-tersesat-di-antariksa","Tersesat Di Antariksa","Morfem","Anthem Tongkrongan","2016",0,0,"✓"
"morfem-audisi-sebuah-opera","Audisi Sebuah Opera","Morfem","Anthem Tongkrongan","2016",0,0,"✓"
"morgan-wallen-post-malone-i-ain-t-comin-back","I Ain't Comin' Back","Morgan Wallen & Post Malone","Western Hits","2025",639931,0,"✓"
"muse-uprising","Uprising","Muse","Western Hits","2009",911534,0,"✓"
"muse-starlight","Starlight","Muse","Western Hits","2006",883919,0,"✓"
"muse-hysteria","Hysteria","Muse","Western Hits","2003",872207,0,"✓"
"muse-supermassive-black-hole","Supermassive Black Hole","Muse","Western Hits","2006",860136,0,"✓"
"muse-time-is-running-out","Time is Running Out","Muse","Western Hits","2003",797593,0,"✓"
"muse-madness","Madness","Muse","Western Hits","2012",772468,0,"✓"
"muse-knights-of-cydonia","Knights of Cydonia","Muse","Western Hits","2006",752403,0,"✓"
"my-chemical-romance-welcome-to-the-black-parade","Welcome to the Black Parade","My Chemical Romance","Western Hits","2006",769705,0,"✓"
"my-chemical-romance-teenagers","Teenagers","My Chemical Romance","Western Hits","2006",754832,0,"✓"
"my-chemical-romance-helena","Helena","My Chemical Romance","Western Hits","2004",696144,0,"✓"
"my-chemical-romance-famous-last-words","Famous Last Words","My Chemical Romance","Western Hits","2006",648209,0,"✓"
"my-chemical-romance-i-don-t-love-you","I Don't Love You","My Chemical Romance","Western Hits","2006",644661,0,"✓"
"my-chemical-romance-the-ghost-of-you","The Ghost of You","My Chemical Romance","Western Hits","2004",623860,0,"✓"
"my-chemical-romance-dead","Dead!","My Chemical Romance","Western Hits","2006",593575,0,"✓"
"my-chemical-romance-thank-you-for-the-venom","Thank You for the Venom","My Chemical Romance","Western Hits","2004",559865,0,"✓"
"my-chemical-romance-demolition-lovers","Demolition Lovers","My Chemical Romance","Western Hits","2002",530557,0,"✓"
"my-chemical-romance-the-end","The End.","My Chemical Romance","Western Hits","2006",530266,0,"✓"
"itunes-1130866460","Denganmu Cinta","Mytha Lestari","Galau Hits","2016",114156,0,"✓"
"itunes-980352870","Aku Cuma Punya Hati","Mytha Lestari","Galau Hits","2015",95841,0,"✓"
"itunes-798660132","Menghapus Yang Terukir","Mytha Lestari","Galau Hits","2014",71406,0,"✓"
"itunes-1157552565","Tanpa Melodi","Mytha Lestari","Galau Hits","2014",64136,0,"✓"
"itunes-1157552723","Mr. Party","Mytha Lestari","Galau Hits","2016",64126,0,"✓"
"itunes-1157552577","Begitulah","Mytha Lestari","Galau Hits","2016",54163,0,"✓"
"itunes-1332892454","Takkan Pernah Mati","Mytha Lestari","Galau Hits","2018",52384,0,"✓"
"itunes-1157552724","Sekali Ini Saja","Mytha Lestari","Galau Hits","2016",51807,0,"✓"
"itunes-1157552573","My Love","Mytha Lestari","Galau Hits","2016",47416,0,"✓"
"itunes-1157552560","Andai Aku Dia","Mytha Lestari","Galau Hits","2016",37819,0,"✓"
"itunes-1734807496","Tak Pantas (From "Ipar Adalah Maut")","Mytha Lestari","Galau Hits","2024",27008,0,"✓"
"itunes-1642860232","Cinta Segitiga","Mytha Lestari","Galau Hits","2022",21772,0,"✓"
"itunes-1658243163","Bukan Untuk Dimiliki (From "Ayo Putus")","Mytha Lestari","Galau Hits","2022",18836,0,"✓"
"itunes-1157552570","Sang Penipu","Mytha Lestari","Galau Hits","2016",2229,0,"✓"
"itunes-1632422184","Antara Anyer dan Jakarta","Mytha Lestari & Karina Salim","Galau Hits","2015",0,0,"✓"
"ndx-a-k-a-banyu-surgo","Banyu Surgo","NDX A.K.A","Pop Jawa & Koplo","2000",100000,0,"✓"
"ndx-a-k-a-ngertenono-ati-ndx-a-k-a-version","Ngertenono Ati (NDX A.K.A. Version)","NDX A.K.A","Pop Jawa & Koplo","2023",100000,0,"✓"
"ndx-a-k-a-apa-kabar-mantan-new-version","Apa Kabar Mantan (New Version)","NDX A.K.A","Pop Jawa & Koplo","2024",100000,0,"✓"
"ndx-a-k-a-kimcil-kepolen-live-at-srn-ini-dangdut-s02","Kimcil Kepolen (Live at SRN Ini Dangdut S02)","NDX A.K.A","Pop Jawa & Koplo","2024",53582,0,"✓"
"ndx-a-k-a-kelingan-mantan","Kelingan Mantan","NDX A.K.A","Pop Jawa & Koplo","2010",46021,0,"✓"
"ndx-a-k-a-sayang","Sayang","NDX A.K.A","Pop Jawa & Koplo","2000",21411,0,"✓"
"ndx-a-k-a-nemen-hiphop-dangdut-version","Nemen (Hiphop Dangdut Version)","NDX A.K.A","Pop Jawa & Koplo","2023",0,0,"✓"
"ndx-a-k-a-kau-tercipta-bukan-untuku","Kau Tercipta Bukan Untuku","NDX A.K.A","Pop Jawa & Koplo","2010",0,0,"✓"
"ndx-a-k-a-ati-dudu-kos-kosan","Ati Dudu Kos Kosan","NDX A.K.A","Pop Jawa & Koplo","2010",0,0,"✓"
"ndx-aka-pamit-kerjo","Pamit Kerjo","NDX AKA","Pop Jawa & Koplo","2022",25440,0,"✓"
"ntrl-sorry","Sorry","NTRL","Anthem Tongkrongan","2005",96798,0,"✓"
"ntrl-terbang-tenggelam","Terbang Tenggelam","NTRL","Anthem Tongkrongan","2005",76025,0,"✓"
"ntrl-garuda-di-dadaku","Garuda Di Dadaku","NTRL","Anthem Tongkrongan","2009",41358,0,"✓"
"ntrl-hari-yang-indah","Hari Yang Indah","NTRL","Anthem Tongkrongan","2009",40621,0,"✓"
"ntrl-cinta-gila-feat-saras-dewi","Cinta Gila (feat. Saras Dewi)","NTRL","Anthem Tongkrongan","2007",40156,0,"✓"
"ntrl-haru-biru","Haru Biru","NTRL","Anthem Tongkrongan","2005",25449,0,"✓"
"ntrl-dipantai-dikala-rembulan","Dipantai Dikala Rembulan","NTRL","Anthem Tongkrongan","2005",25246,0,"✓"
"ntrl-satu-hati","Satu Hati","NTRL","Anthem Tongkrongan","2021",25025,0,"✓"
"ntrl-pertempuran-hati","Pertempuran Hati","NTRL","Anthem Tongkrongan","2007",24380,0,"✓"
"ntrl-pertempuran-hati-feat-indra7","Pertempuran Hati (feat. Indra7)","NTRL","Anthem Tongkrongan","2018",24380,0,"✓"
"ntrl-separuh-nafas","Separuh Nafas","NTRL","Anthem Tongkrongan","2021",17648,0,"✓"
"ntrl-lintang","Lintang","NTRL","Anthem Tongkrongan","2018",16045,0,"✓"
"ntrl-hujan-dihatiku","Hujan Dihatiku","NTRL","Anthem Tongkrongan","2005",7750,0,"✓"
"naff-a-n-g","A.N.G","NaFF","Nostalgia 2000s","2001",21035,0,"✓"
"naff-terendap-laraku","Terendap Laraku","NaFF","Nostalgia 2000s","2003",6896,0,"✓"
"naff-dia-telah-pergi","Dia Telah Pergi","NaFF","Nostalgia 2000s","2000",0,0,"✓"
"naff-yang-tak-pernah-bisa-mencintaimu","Yang Tak Pernah Bisa Mencintaimu","NaFF","Nostalgia 2000s","2000",0,0,"✓"
"itunes-1820142190","kota ini tak sama tanpamu","Nadhif Basalamah","Galau Hits","2025",178360,0,"✓"
"itunes-1790613396","bergema sampai selamanya","Nadhif Basalamah","Galau Hits","2025",172334,0,"✓"
"itunes-1693108606","penjaga hati","Nadhif Basalamah","Galau Hits","2023",167259,0,"✓"
"itunes-1749128335","jatuh cinta lagi","Nadhif Basalamah","Galau Hits","2024",102927,0,"✓"
"itunes-1581722817","Letting Go","Nadhif Basalamah","Galau Hits","2021",75365,0,"✓"
"itunes-1726126087","tiba-tiba jumat lagi","Nadhif Basalamah","Galau Hits","2024",32034,0,"✓"
"itunes-1749128446","bersimpuh","Nadhif Basalamah","Galau Hits","2024",31951,0,"✓"
"itunes-1820142513","bergema sampai selamanya (Stripped Version)","Nadhif Basalamah","Galau Hits","2025",22434,0,"✓"
"itunes-1631809164","do you still wanna carry me","Nadhif Basalamah","Galau Hits","2022",22426,0,"✓"
"itunes-1527216859","Bitterness","Nadhif Basalamah","Galau Hits","2019",22281,0,"✓"
"itunes-1631809174","to be with me","Nadhif Basalamah","Galau Hits","2022",18520,0,"✓"
"itunes-1527216946","After School Sad Session","Nadhif Basalamah","Galau Hits","2018",10040,0,"✓"
"itunes-1749128069","penuh","Nadhif Basalamah","Galau Hits","2024",10021,0,"✓"
"itunes-1536546772","Eventually","Nadhif Basalamah","Galau Hits","2020",2294,0,"✓"
"itunes-1564102632","Something More","Nadhif Basalamah","Galau Hits","2021",904,0,"✓"
"itunes-1527216733","Spaces","Nadhif Basalamah","Galau Hits","2019",542,0,"✓"
"itunes-1631809185","without me (sera)","Nadhif Basalamah","Galau Hits","2022",0,0,"✓"
"itunes-1886831192","kota ini tak sama tanpamu (Orchestra Version)","Nadhif Basalamah & Andi Rianto","Galau Hits","2026",0,0,"✓"
"itunes-1832516372","kota ini tak sama tanpamu (with Aziz Harun & Aisha Retno)","Nadhif Basalamah, Aziz Harun & Aisha Retno","Galau Hits","2025",178360,0,"✓"
"itunes-1512861187","Mendarah","Nadin Amizah","Galau Hits","2020",199838,0,"✓"
"itunes-1512860764","Beranjak Dewasa","Nadin Amizah","Galau Hits","2020",124229,0,"✓"
"itunes-1707487554","Di Akhir Perang","Nadin Amizah","Galau Hits","2023",112061,0,"✓"
"itunes-1707487548","Kekal","Nadin Amizah","Galau Hits","2023",95199,0,"✓"
"itunes-1707487445","Ah","Nadin Amizah","Galau Hits","2023",90259,0,"✓"
"itunes-1695703750","Semua Aku Dirayakan","Nadin Amizah","Galau Hits","2023",88880,0,"✓"
"itunes-1457557389","—star.","Nadin Amizah","Galau Hits","2019",83313,0,"✓"
"itunes-1512861078","Taruh","Nadin Amizah","Galau Hits","2020",83313,0,"✓"
"itunes-1707487567","Berpayung Tuhan","Nadin Amizah","Galau Hits","2023",77958,0,"✓"
"itunes-1512860757","Kereta Ini Melaju Terlalu Cepat","Nadin Amizah","Galau Hits","2020",73742,0,"✓"
"itunes-1435761020","Rumpang","Nadin Amizah","Galau Hits","2018",71691,0,"✓"
"itunes-1707487649","Nadin Amizah","Nadin Amizah","Galau Hits","2023",68712,0,"✓"
"itunes-1707487555","Tapi Diterima","Nadin Amizah","Galau Hits","2023",62866,0,"✓"
"itunes-1565496835","sebuah tarian yang tak kunjung selesai","Nadin Amizah","Galau Hits","2021",36212,0,"✓"
"itunes-1512861095","Cermin","Nadin Amizah","Galau Hits","2020",23948,0,"✓"
"naff-a-a-a-a-a","A-A-A-A-A","Naff","Nostalgia 2000s","2017",218766,0,"✓"
"itunes-162508312","I Can","Nas","Nostalgia 2000s","2002",696620,0,"✓"
"itunes-1762499055","Can You Die From a Broken Heart","Nate Smith & Avril Lavigne","Western Hits","2024",473854,0,"✓"
"ndarboy-genk-penting-yakin-from-cidro-asmoro","Penting Yakin (From "Cidro Asmoro")","Ndarboy Genk","Pop Jawa & Koplo","2022",100000,0,"✓"
"ndarboy-genk-ojo-nangis","Ojo Nangis","Ndarboy Genk","Pop Jawa & Koplo","2020",85221,0,"✓"
"ndarboy-genk-anak-lanang","Anak Lanang","Ndarboy Genk","Pop Jawa & Koplo","2024",62370,0,"✓"
"ndarboy-genk-wong-sepele","Wong Sepele","Ndarboy Genk","Pop Jawa & Koplo","2019",40408,1,"✓"
"ndarboy-genk-ambyar-mak-pyar","Ambyar Mak Pyar","Ndarboy Genk","Pop Jawa & Koplo","2021",22255,0,"✓"
"ndarboy-genk-rungokno-aku-feat-denny-caknan","Rungokno Aku (feat. Denny Caknan)","Ndarboy Genk","Pop Jawa & Koplo","2021",22176,0,"✓"
"ndarboy-genk-sinyal-tresna-from-collabonation","Sinyal Tresna (From Collabonation)","Ndarboy Genk","Pop Jawa & Koplo","2022",16827,0,"✓"
"ndarboy-genk-gunung-kemukus-feat-dodit-mulyanto","Gunung Kemukus (feat. Dodit Mulyanto)","Ndarboy Genk","Pop Jawa & Koplo","2021",0,0,"✓"
"ndarboy-genk-banditoz-yaow-86-mabes-balker-kicau-mania","Kicau Mania","Ndarboy Genk, Banditoz Yaow 86 & Mabes Balker","Pop Jawa & Koplo","2026",119876,0,"✓"
"nella-kharisma-pamer-bojo","Pamer Bojo","Nella Kharisma","Pop Jawa & Koplo","2019",100000,0,"✓"
"nella-kharisma-stel-kendo","Stel Kendo","Nella Kharisma","Pop Jawa & Koplo","2019",100000,0,"✓"
"nella-kharisma-jaran-goyang","Jaran Goyang","Nella Kharisma","Pop Jawa & Koplo","2017",84202,0,"✓"
"nella-kharisma-memori-berkasih","Memori Berkasih","Nella Kharisma","Pop Jawa & Koplo","2018",25458,0,"✓"
"nella-kharisma-memori-berkasih-feat-gerry-mahesa","Memori Berkasih (feat. Gerry Mahesa)","Nella Kharisma","Pop Jawa & Koplo","2019",25458,0,"✓"
"nella-kharisma-suket-teki","Suket Teki","Nella Kharisma","Pop Jawa & Koplo","2014",13517,0,"✓"
"nella-kharisma-prei-kanan-kiri","Prei Kanan Kiri","Nella Kharisma","Pop Jawa & Koplo","2019",10150,0,"✓"
"nella-kharisma-lagi-syantik-2","Lagi Syantik 2 (-)","Nella Kharisma","Pop Jawa & Koplo","2022",3312,0,"✓"
"nella-kharisma-geser-kiri-kanan","Geser Kiri Kanan","Nella Kharisma","Pop Jawa & Koplo","2018",785,0,"✓"
"nicky-jam-j-balvin-x","X","Nicky Jam & J Balvin","Western Hits","2018",801136,0,"✓"
"itunes-1059349911","Hidup Yang Hebat (feat. Iwan Fals)","Nidji","Anthem Tongkrongan","2015",0,0,"✓"
"nirvana-smells-like-teen-spirit","Smells Like Teen Spirit","Nirvana","Western Hits","1991",985641,0,"✓"
"nirvana-come-as-you-are","Come As You Are","Nirvana","Western Hits","1991",956254,0,"✓"
"nirvana-heart-shaped-box","Heart-Shaped Box","Nirvana","Western Hits","1993",825467,0,"✓"
"nirvana-something-in-the-way","Something In The Way","Nirvana","Western Hits","1991",811505,0,"✓"
"nirvana-in-bloom","In Bloom","Nirvana","Western Hits","1991",804297,0,"✓"
"nirvana-about-a-girl","About a Girl","Nirvana","Western Hits","1989",711895,0,"✓"
"nirvana-all-apologies","All Apologies","Nirvana","Western Hits","1993",657197,0,"✓"
"nirvana-lithium","Lithium","Nirvana","Western Hits","1991",507412,0,"✓"
"itunes-1059349922","Para Penerka (feat. Iwan Fals)","Noah","Anthem Tongkrongan","2015",0,0,"✓"
"itunes-1286871115","Again (feat. XXXTENTACION)","Noah Cyrus","Western Hits","2017",826928,0,"✓"
"itunes-1511058485","July","Noah Cyrus","Western Hits","2019",683646,0,"✓"
"itunes-1174435226","Make Me (Cry) [feat. Labrinth]","Noah Cyrus","Western Hits","2016",551873,0,"✓"
"itunes-1646318532","Noah (Stand Still)","Noah Cyrus","Western Hits","2022",262386,0,"✓"
"itunes-1649833417","Noah (Stand Still)","Noah Cyrus & Billy Ray Cyrus","Nostalgia 2000s","2022",262386,0,"✓"
"itunes-1485489009","July","Noah Cyrus & Leon Bridges","Nostalgia 2000s","2019",683646,0,"✓"
"itunes-6762757958","Orbiter","Noah Kahan","Nostalgia 2000s","2026",889678,0,"✓"
"itunes-1632285403","Stick Season","Noah Kahan","Nostalgia 2000s","2022",848642,0,"✓"
"itunes-1525933490","Wonderwall (Remastered)","Oasis","Western Hits","1995",455664,0,"✓"
"itunes-1829716593","Drive (10 Years On)","Oh Wonder","Nostalgia 2000s","2025",150613,0,"✓"
"one-direction-what-makes-you-beautiful","What Makes You Beautiful","One Direction","Western Hits","2011",850146,0,"✓"
"one-direction-steal-my-girl","Steal My Girl","One Direction","Western Hits","2014",794897,0,"✓"
"one-direction-night-changes","Night Changes","One Direction","Western Hits","2014",774063,0,"✓"
"one-direction-story-of-my-life","Story of My Life","One Direction","Western Hits","2013",750480,0,"✓"
"one-direction-drag-me-down","Drag Me Down","One Direction","Western Hits","2015",747791,0,"✓"
"one-direction-best-song-ever","Best Song Ever","One Direction","Western Hits","2013",712239,0,"✓"
"one-direction-kiss-you","Kiss You","One Direction","Western Hits","2012",699092,0,"✓"
"one-direction-perfect","Perfect","One Direction","Western Hits","2015",692659,0,"✓"
"one-direction-live-while-we-re-young","Live While We're Young","One Direction","Western Hits","2012",665010,0,"✓"
"one-direction-little-things","Little Things","One Direction","Western Hits","2012",652429,0,"✓"
"one-direction-no-control","No Control","One Direction","Western Hits","2014",650312,0,"✓"
"one-direction-one-thing","One Thing","One Direction","Western Hits","2011",643039,0,"✓"
"one-direction-you-i","You & I","One Direction","Western Hits","2013",602482,0,"✓"
"one-direction-fireproof","Fireproof","One Direction","Western Hits","2014",541710,0,"✓"
"itunes-914556585","Change Your Ticket","One Direction","Nostalgia 2000s","2014",441715,0,"✓"
"onerepublic-counting-stars","Counting Stars","OneRepublic","Western Hits","2013",923515,0,"✓"
"onerepublic-i-ain-t-worried","I Ain't Worried","OneRepublic","Western Hits","2022",910746,0,"✓"
"onerepublic-run","Run","OneRepublic","Western Hits","2021",762996,0,"✓"
"onerepublic-sunshine","Sunshine","OneRepublic","Western Hits","2021",717945,0,"✓"
"onerepublic-i-lived","I Lived","OneRepublic","Western Hits","2013",693683,0,"✓"
"onerepublic-all-the-right-moves","All the Right Moves","OneRepublic","Western Hits","2009",682292,0,"✓"
"onerepublic-need-your-love","Need Your Love","OneRepublic","Western Hits","2026",681453,0,"✓"
"onerepublic-love-runs-out","Love Runs Out","OneRepublic","Western Hits","2014",662449,0,"✓"
"onerepublic-someday","Someday","OneRepublic","Western Hits","2021",562528,0,"✓"
"onerepublic-secrets-2026-remastered","Secrets (2026 Remastered)","OneRepublic","Western Hits","2009",112717,0,"✓"
"itunes-545398139","Just Give Me a Reason (feat. Nate Ruess)","P!nk","Western Hits","2012",955605,0,"✓"
"itunes-545398138","Try","P!nk","Western Hits","2012",911562,0,"✓"
"itunes-1269268841","What About Us","P!nk","Western Hits","2017",885952,0,"✓"
"itunes-1654614814","TRUSTFALL","P!nk","Western Hits","2023",773816,0,"✓"
"itunes-1101931754","Just Like Fire (From "Alice Through the Looking Glass")","P!nk","Western Hits","2016",770741,0,"✓"
"itunes-1457762407","Sober","P!nk","Western Hits","2008",723909,0,"✓"
"itunes-1439343348","A Million Dreams","P!nk","Western Hits","2018",723075,0,"✓"
"itunes-407367055","F**kin' Perfect","P!nk","Western Hits","2010",711316,0,"✓"
"itunes-1459185350","Get the Party Started","P!nk","Western Hits","2001",698679,0,"✓"
"itunes-1453199364","Walk Me Home","P!nk","Western Hits","2019",658964,0,"✓"
"itunes-399891680","Don't Let Me Get Me (Radio Edit)","P!nk","Western Hits","2001",611290,0,"✓"
"itunes-1457762418","Please Don't Leave Me","P!nk","Western Hits","2008",607013,0,"✓"
"itunes-1654614813","When I Get There","P!nk","Western Hits","2023",550211,0,"✓"
"itunes-1459161209","There You Go","P!nk","Western Hits","2000",507353,0,"✓"
"itunes-1456444743","Love Me Anyway (feat. Chris Stapleton)","P!nk","Western Hits","2019",501937,0,"✓"
"itunes-604742152","Who Knew","P!nk","Western Hits","2006",347912,0,"✓"
"itunes-1457762563","Glitter In the Air","P!nk","Western Hits","2008",97208,0,"✓"
"itunes-1552739372","Cover Me In Sunshine","P!nk & Willow Sage Hart","Western Hits","2021",763379,0,"✓"
"partynextdoor-muse","Muse","PARTYNEXTDOOR","Western Hits","2013",220426,0,"✓"
"partynextdoor-rihanna-believe-it","BELIEVE IT","PARTYNEXTDOOR & Rihanna","Western Hits","2020",590432,0,"✓"
"itunes-1787344772","To the Bone","Pamungkas","Galau Hits","2019",248041,0,"✓"
"itunes-1787345003","Monolog","Pamungkas","Galau Hits","2018",216908,0,"✓"
"itunes-1792811798","Monolog (Live at Birdy South East Asia Tour)","Pamungkas","Galau Hits","2023",216908,0,"✓"
"itunes-1787344391","Risalah Hati","Pamungkas","Galau Hits","2021",113644,0,"✓"
"itunes-1787344896","Walk the Talk","Pamungkas","Galau Hits","2018",110326,0,"✓"
"itunes-1787344900","One Only","Pamungkas","Galau Hits","2018",106208,0,"✓"
"itunes-1884895750","Berapa Kali Kita Akan Saling Memaafkan","Pamungkas","Galau Hits","2026",104345,0,"✓"
"itunes-1787344773","Nice Day","Pamungkas","Galau Hits","2019",103251,0,"✓"
"itunes-1787344902","Wait a Minute","Pamungkas","Galau Hits","2018",100452,0,"✓"
"itunes-1787344904","Kenangan Manis","Pamungkas","Galau Hits","2018",98826,0,"✓"
"itunes-1787345001","I Love You but I'm Letting Go","Pamungkas","Galau Hits","2018",95742,0,"✓"
"itunes-1787344897","We'll Carry On","Pamungkas","Galau Hits","2018",91555,0,"✓"
"itunes-1787344905","Jejak","Pamungkas","Galau Hits","2018",90449,0,"✓"
"itunes-1787344899","Sorry","Pamungkas","Galau Hits","2018",79934,0,"✓"
"itunes-1787344906","Bottle Me Your Tears","Pamungkas","Galau Hits","2018",73925,0,"✓"
"itunes-1791478589","Deeper","Pamungkas","Galau Hits","2020",70726,0,"✓"
"itunes-1791027476","Putus","Pamungkas","Galau Hits","2024",63695,0,"✓"
"itunes-1787344390","Pupus","Pamungkas","Galau Hits","2021",63695,0,"✓"
"itunes-1791478595","Closure","Pamungkas","Galau Hits","2020",41594,0,"✓"
"itunes-1787344768","Flying Solo","Pamungkas","Galau Hits","2019",39583,0,"✓"
"itunes-1787344438","One Only (Acoustic)","Pamungkas","Galau Hits","2019",37128,0,"✓"
"itunes-1787344675","A Day That Feels Better","Pamungkas","Galau Hits","2022",7608,0,"✓"
"itunes-1787344774","Lover Stay","Pamungkas","Galau Hits","2019",1802,0,"✓"
"itunes-1787908642","To the Bone","Pamungkas & The PeoplePeople","Galau Hits","2020",248041,0,"✓"
"panic-at-the-disco-high-hopes","High Hopes","Panic! At the Disco","Western Hits","2018",876079,0,"✓"
"panic-at-the-disco-house-of-memories","House of Memories","Panic! At the Disco","Western Hits","2016",857919,0,"✓"
"panic-at-the-disco-nine-in-the-afternoon","Nine In the Afternoon","Panic! At the Disco","Western Hits","2008",597290,0,"✓"
"panic-at-the-disco-new-perspective","New Perspective","Panic! At the Disco","Western Hits","2009",575314,0,"✓"
"panic-at-the-disco-emperor-s-new-clothes","Emperor's New Clothes","Panic! At the Disco","Western Hits","2015",574913,0,"✓"
"panic-at-the-disco-don-t-threaten-me-with-a-good-time","Don't Threaten Me with a Good Time","Panic! At the Disco","Western Hits","2015",546261,0,"✓"
"panic-at-the-disco-victorious","Victorious","Panic! At the Disco","Western Hits","2015",540033,0,"✓"
"panic-at-the-disco-say-amen-saturday-night","Say Amen (Saturday Night)","Panic! At the Disco","Western Hits","2018",528032,0,"✓"
"panic-at-the-disco-death-of-a-bachelor","Death of a Bachelor","Panic! At the Disco","Western Hits","2015",521110,0,"✓"
"panic-at-the-disco-hey-look-ma-i-made-it","Hey Look Ma, I Made It","Panic! At the Disco","Western Hits","2018",474185,0,"✓"
"panic-at-the-disco-miss-jackson-feat-lolo","Miss Jackson (feat. LOLO)","Panic! At the Disco","Western Hits","2013",471911,0,"✓"
"panic-at-the-disco-bohemian-rhapsody","Bohemian Rhapsody","Panic! At the Disco","Western Hits","2016",438138,0,"✓"
"panic-at-the-disco-c-mon-with-fun","C'Mon (with Fun.)","Panic! At the Disco","Western Hits","2011",339079,0,"✓"
"panic-at-the-disco-a-fever-you-can-t-sweat-out-medley-live","A Fever You Can't Sweat Out Medley (Live)","Panic! At the Disco","Western Hits","2017",59287,0,"✓"
"itunes-604804763","Misery Business","Paramore","Western Hits","2007",777343,0,"✓"
"itunes-294342487","Decode","Paramore","Western Hits","2008",742917,0,"✓"
"itunes-593148441","Still Into You","Paramore","Western Hits","2013",741088,0,"✓"
"itunes-1227049868","Hard Times","Paramore","Western Hits","2017",738929,0,"✓"
"itunes-604800419","The Only Exception","Paramore","Western Hits","2009",725490,0,"✓"
"itunes-604800424","All I Wanted","Paramore","Western Hits","2009",714660,0,"✓"
"itunes-593148438","Ain't It Fun","Paramore","Western Hits","2013",696200,0,"✓"
"itunes-604804767","Crushcrushcrush","Paramore","Western Hits","2007",666884,0,"✓"
"itunes-604800415","Ignorance","Paramore","Western Hits","2009",652306,0,"✓"
"itunes-604804761","That's What You Get","Paramore","Western Hits","2007",637982,0,"✓"
"itunes-604800417","Brick By Boring Brick","Paramore","Western Hits","2009",600396,0,"✓"
"itunes-606661205","Pressure","Paramore","Western Hits","2005",579792,0,"✓"
"itunes-440880925","Monster","Paramore","Western Hits","2011",544774,0,"✓"
"itunes-606661209","Emergency","Paramore","Western Hits","2005",530521,0,"✓"
"itunes-593148446","(One of Those) Crazy Girls","Paramore","Western Hits","2013",508668,0,"✓"
"itunes-604800416","Playing God","Paramore","Western Hits","2009",499970,0,"✓"
"itunes-1227049870","Rose-Colored Boy","Paramore","Western Hits","2017",492768,0,"✓"
"itunes-1227050233","Fake Happy","Paramore","Western Hits","2017",476540,0,"✓"
"itunes-604804909","Fences","Paramore","Western Hits","2007",469535,0,"✓"
"itunes-1227050231","Told You So","Paramore","Western Hits","2017",467087,0,"✓"
"itunes-604804762","Hallelujah","Paramore","Western Hits","2007",455897,0,"✓"
"itunes-294342499","I Caught Myself","Paramore","Western Hits","2008",454476,0,"✓"
"pas-band-jengah","Jengah","Pas Band","Anthem Tongkrongan","2003",153840,0,"✓"
"pas-band-kesepian-kita-feat-tere","Kesepian Kita (feat. Tere)","Pas Band","Anthem Tongkrongan","2006",108147,0,"✓"
"pas-band-permata-yang-hilang","Permata Yang Hilang","Pas Band","Anthem Tongkrongan","2006",69794,0,"✓"
"pas-band-impresi","Impresi","Pas Band","Anthem Tongkrongan","1995",62421,0,"✓"
"pas-band-gladiator","Gladiator","Pas Band","Anthem Tongkrongan","2006",55694,0,"✓"
"pas-band-kumerindu-feat-bunga-citra-lestari","Kumerindu (feat. Bunga Citra Lestari)","Pas Band","Anthem Tongkrongan","2004",25110,0,"✓"
"pas-band-anak-kali-sekarang","Anak, Kali, Sekarang","Pas Band","Anthem Tongkrongan","1997",23186,0,"✓"
"pas-band-aku-band-version","Aku(Band Version)","Pas Band","Anthem Tongkrongan","2008",4724,0,"✓"
"pas-band-aku","Aku","Pas Band","Anthem Tongkrongan","2008",4724,0,"✓"
"pas-band-never-be-lonely","Never Be Lonely","Pas Band","Anthem Tongkrongan","1995",0,0,"✓"
"pas-band-reza-getir-feat-reza","Getir (feat. Reza)","Pas Band & Reza","Anthem Tongkrongan","2004",45282,0,"✓"
"pas-band-tere-kesepian-kita-feat-tere","Kesepian Kita (feat. Tere)","Pas Band & Tere","Anthem Tongkrongan","2002",108147,0,"✓"
"itunes-1782283743","P.S. I LOVE YOU","Paul Partohap","Galau Hits","2022",413567,0,"✓"
"itunes-1783103684","BEAUTiFUL","Paul Partohap","Galau Hits","2022",231890,0,"✓"
"itunes-1789726900","THANK YOU 4 LOVIN' ME","Paul Partohap","Galau Hits","2022",108701,0,"✓"
"itunes-6763938319","YOU+ME","Paul Partohap","Galau Hits","2026",108701,0,"✓"
"itunes-1803077975","CANDYRELLA","Paul Partohap","Galau Hits","2024",108346,0,"✓"
"itunes-6810962432","VITAMIN U","Paul Partohap","Galau Hits","2024",64233,0,"✓"
"itunes-1789726901","MAKE IT THROUGH","Paul Partohap","Galau Hits","2022",57484,0,"✓"
"itunes-1486098315","Pulang","Paul Partohap","Galau Hits","2019",30306,0,"✓"
"itunes-1789726892","DUDUDUDU","Paul Partohap","Galau Hits","2022",22180,0,"✓"
"itunes-1611558278","PDKT","Paul Partohap","Galau Hits","2021",18852,0,"✓"
"itunes-1803077977","CANDYRELLA (Sweeter)","Paul Partohap","Galau Hits","2024",17559,0,"✓"
"itunes-1378502644","Untuk Gita","Paul Partohap","Galau Hits","2018",7320,0,"✓"
"itunes-1611558292","Sunflower (feat. Agung Munthe)","Paul Partohap","Galau Hits","2022",4060,0,"✓"
"itunes-1783130962","WILL YOU?","Paul Partohap","Galau Hits","2023",1599,0,"✓"
"itunes-1450160498","Baby","Paul Partohap & Kevin Lavitt","Galau Hits","2019",3079,0,"✓"
"payung-teduh-di-atas-meja","Di Atas Meja","Payung Teduh","Anthem Tongkrongan","2017",106795,0,"✓"
"payung-teduh-mari-bercerita-feat-ichamalia","Mari Bercerita (feat. Ichamalia)","Payung Teduh","Anthem Tongkrongan","2017",65472,0,"✓"
"payung-teduh-ugil-ugil-feat-titi-citra-natlia-ghita-tia-vini","Ugil-Ugil (feat. Titi, Citra, Natlia, Ghita, Tia & Vini)","Payung Teduh","Anthem Tongkrongan","2018",44904,0,"✓"
"payung-teduh-muram","Muram","Payung Teduh","Anthem Tongkrongan","2017",39272,0,"✓"
"payung-teduh-puan-bermain-hujan","Puan Bermain Hujan","Payung Teduh","Anthem Tongkrongan","2017",39265,0,"✓"
"payung-teduh-diam-feat-orkes-panawijen","Diam (feat. Orkes Panawijen)","Payung Teduh","Anthem Tongkrongan","2018",38058,0,"✓"
"payung-teduh-selalu-muda","Selalu Muda","Payung Teduh","Anthem Tongkrongan","2017",31466,0,"✓"
"payung-teduh-sisa-kebahagiaan-feat-ichamalia","Sisa Kebahagiaan (feat. Ichamalia)","Payung Teduh","Anthem Tongkrongan","2017",25175,0,"✓"
"payung-teduh-lagu-duka","Lagu Duka","Payung Teduh","Anthem Tongkrongan","2018",11473,0,"✓"
"payung-teduh-kerinduan","Kerinduan","Payung Teduh","Anthem Tongkrongan","2017",10057,0,"✓"
"payung-teduh-kita-hanya-sebentar","Kita Hanya Sebentar","Payung Teduh","Anthem Tongkrongan","2017",2764,0,"✓"
"pearl-jam-black","Black","Pearl Jam","Nostalgia 2000s","1991",836540,0,"✓"
"pee-wee-gaskins-sebuah-rahasia","Sebuah Rahasia","Pee Wee Gaskins","Anthem Tongkrongan","2010",112787,0,"✓"
"pee-wee-gaskins-welcoming-the-sophomore","Welcoming the Sophomore","Pee Wee Gaskins","Anthem Tongkrongan","2009",72472,0,"✓"
"pee-wee-gaskins-satir-sarkas","Satir Sarkas","Pee Wee Gaskins","Anthem Tongkrongan","2010",69882,0,"✓"
"pee-wee-gaskins-serotonin","Serotonin","Pee Wee Gaskins","Anthem Tongkrongan","2016",32765,0,"✓"
"pee-wee-gaskins-berdiri-terinjak","Berdiri Terinjak","Pee Wee Gaskins","Anthem Tongkrongan","2009",30996,0,"✓"
"pee-wee-gaskins-berbagi-cerita","Berbagi Cerita","Pee Wee Gaskins","Anthem Tongkrongan","2016",26231,0,"✓"
"pee-wee-gaskins-everyday-everynight","Everyday & Everynight","Pee Wee Gaskins","Anthem Tongkrongan","2009",23315,0,"✓"
"pee-wee-gaskins-dibalik-hari-esok","Dibalik Hari Esok","Pee Wee Gaskins","Anthem Tongkrongan","2009",21686,0,"✓"
"pee-wee-gaskins-yaigs-you-and-i-going-south","YAIGS (You and I Going South)","Pee Wee Gaskins","Anthem Tongkrongan","2016",13570,0,"✓"
"pee-wee-gaskins-kertas-dan-pena","Kertas Dan Pena","Pee Wee Gaskins","Anthem Tongkrongan","2016",11680,0,"✓"
"pee-wee-gaskins-selama-engkau-hidup","Selama Engkau Hidup","Pee Wee Gaskins","Anthem Tongkrongan","2010",10147,0,"✓"
"pee-wee-gaskins-dari-mata-sang-garuda","Dari Mata Sang Garuda","Pee Wee Gaskins","Anthem Tongkrongan","2010",8788,0,"✓"
"pitbull-feel-this-moment-feat-christina-aguilera","Feel This Moment (feat. Christina Aguilera)","Pitbull","Western Hits","2012",819482,0,"✓"
"itunes-1534617792","Astrid","Polly Money","Galau Hits","2020",9905,0,"✓"
"post-malone-circles","Circles","Post Malone","Western Hits","2019",807574,0,"✓"
"post-malone-take-what-you-want-feat-ozzy-osbourne-travis-scott","Take What You Want (feat. Ozzy Osbourne & Travis Scott)","Post Malone","Western Hits","2019",699979,0,"✓"
"post-malone-pour-me-a-drink-feat-blake-shelton","Pour Me A Drink (feat. Blake Shelton)","Post Malone","Western Hits","2024",678093,0,"✓"
"post-malone-hollywood-s-bleeding","Hollywood's Bleeding","Post Malone","Western Hits","2019",646864,0,"✓"
"post-malone-losers-feat-jelly-roll","Losers (feat. Jelly Roll)","Post Malone","Western Hits","2024",556934,0,"✓"
"post-malone-paranoid","Paranoid","Post Malone","Western Hits","2018",471905,0,"✓"
"post-malone-swae-lee-sunflower-spider-man-into-the-spider-verse","Sunflower (Spider-Man: Into the Spider-Verse)","Post Malone & Swae Lee","Western Hits","2018",977099,0,"✓"
"itunes-917285744","Ingatlah Hari Ini","Project Pop","Anthem Tongkrongan","2013",115249,0,"✓"
"itunes-917285731","Move On","Project Pop","Anthem Tongkrongan","2013",115249,0,"✓"
"itunes-917285737","Sama Sama","Project Pop","Anthem Tongkrongan","2013",58438,0,"✓"
"itunes-917285732","Gara Gara Kahitna","Project Pop","Anthem Tongkrongan","2013",26158,0,"✓"
"itunes-917285743","TTN (2012)","Project Pop","Anthem Tongkrongan","2013",21412,0,"✓"
"itunes-917285741","Together Hamburger","Project Pop","Anthem Tongkrongan","2013",8971,0,"✓"
"itunes-1778457667","Coconut","Project Pop","Anthem Tongkrongan","2018",7921,0,"✓"
"queen-don-t-stop-me-now","Don't Stop Me Now","Queen","Western Hits","1978",942478,0,"✓"
"queen-another-one-bites-the-dust","Another One Bites The Dust","Queen","Western Hits","1980",918200,0,"✓"
"queen-we-will-rock-you","We Will Rock You","Queen","Western Hits","1977",851674,0,"✓"
"queen-killer-queen","Killer Queen","Queen","Western Hits","1974",828086,0,"✓"
"queen-fat-bottomed-girls","Fat Bottomed Girls","Queen","Western Hits","1978",692255,0,"✓"
"itunes-1686225146","Rossa","R3TO & heysimo","Galau Hits","2023",149682,0,"✓"
"itunes-1173773454","Melawan Dunia (feat. Yura Yunita)","RAN","Galau Hits","2016",93226,0,"✓"
"itunes-1171740806","Salamku untuk Kekasihmu yang Baru (feat. Kahitna)","RAN","Galau Hits","2016",39046,0,"✓"
"itunes-1628558510","Purple Raincoat","RZD & Ghea Indrawari","Galau Hits","2022",785,0,"✓"
"radiohead-no-surprises","No Surprises","Radiohead","Western Hits","1997",936980,1,"✓"
"radiohead-let-down","Let Down","Radiohead","Western Hits","1997",928986,0,"✓"
"radiohead-karma-police","Karma Police","Radiohead","Western Hits","1997",898957,0,"✓"
"radiohead-exit-music-for-a-film-remastered","Exit Music (For a Film) [Remastered]","Radiohead","Western Hits","1997",870007,0,"✓"
"radiohead-exit-music-for-a-film","Exit Music (For a Film)","Radiohead","Western Hits","1997",870007,0,"✓"
"radiohead-jigsaw-falling-into-place","Jigsaw Falling Into Place","Radiohead","Western Hits","2007",855553,0,"✓"
"radiohead-all-i-need","All I Need","Radiohead","Western Hits","2007",824708,0,"✓"
"radiohead-fake-plastic-trees","Fake Plastic Trees","Radiohead","Western Hits","1995",822142,0,"✓"
"radiohead-weird-fishes-arpeggi","Weird Fishes / Arpeggi","Radiohead","Western Hits","2007",810854,0,"✓"
"radiohead-high-and-dry","High and Dry","Radiohead","Western Hits","1995",776015,0,"✓"
"radiohead-motion-picture-soundtrack","Motion Picture Soundtrack","Radiohead","Western Hits","2000",605201,0,"✓"
"radiohead-how-to-disappear-completely","How to Disappear Completely","Radiohead","Western Hits","2000",601952,0,"✓"
"radiohead-black-star","Black Star","Radiohead","Western Hits","1995",593304,0,"✓"
"radiohead-everything-in-its-right-place","Everything In Its Right Place","Radiohead","Western Hits","2000",512364,0,"✓"
"itunes-1870264778","Tulus (Live)","Radja","Galau Hits","2022",74919,0,"✓"
"itunes-534146725","Tergila-Gila","Raffi Ahmad","Nostalgia 2000s","2007",0,0,"✓"
"itunes-534146714","Jangan Bilang Tidak!!","Raffi Ahmad & Ayushita","Nostalgia 2000s","2007",0,0,"✓"
"itunes-1875871278","Iqro'","Raim Laode","Galau Hits","2026",233657,0,"✓"
"itunes-1879999278","Komang (Live From MEGA MOVE IT FEST 2024) [Live]","Raim Laode","Galau Hits","2024",214645,0,"✓"
"itunes-1861798963","Bersenja Gurau","Raim Laode","Galau Hits","2024",192355,0,"✓"
"itunes-6762495387","Dunia Yang Nanti","Raim Laode","Galau Hits","2026",180390,0,"✓"
"itunes-6762968977","Menari-nari","Raim Laode","Galau Hits","2026",162099,0,"✓"
"itunes-6767536166","Lesung Pipi","Raim Laode","Galau Hits","2023",157442,0,"✓"
"itunes-1869189802","Sang Badut","Raim Laode","Galau Hits","2021",139192,0,"✓"
"itunes-6762968995","Abangku","Raim Laode","Galau Hits","2024",55800,0,"✓"
"itunes-1861812096","Suasana Rumah","Raim Laode","Galau Hits","2019",39435,0,"✓"
"itunes-1861886289","Cemburu","Raim Laode","Galau Hits","2018",34454,0,"✓"
"itunes-1861796973","Salah","Raim Laode","Galau Hits","2019",30900,0,"✓"
"itunes-1869958034","Babak Terakhir","Raim Laode","Galau Hits","2025",0,0,"✓"
"itunes-1878258912","home atmosphere (Acoustic Version)","Raim Laode","Galau Hits","2022",0,0,"✓"
"itunes-1866481464","Su Terlalu Lama","Raim Laode & Rizky Teng","Galau Hits","2021",41274,0,"✓"
"itunes-1480871403","You","Raisa","Galau Hits","2019",21641,0,"✓"
"itunes-1438268173","My Kind of Crazy","Raisa & Dipha Barus","Galau Hits","2018",119214,0,"✓"
"itunes-1216742158","Anganku Anganmu","Raisa & Isyana Sarasvati","Galau Hits","2017",62502,0,"✓"
"itunes-1748650086","Hay una palabra","Raisa Díaz","Galau Hits","2024",134519,0,"✓"
"itunes-1556301327","Trust Again (Inspired by "Raya and The Last Dragon")","Raisa, Yonnyboii, Matthaios & SPRITE","Galau Hits","2021",174330,0,"✓"
"itunes-947701035","Californication","Red Hot Chili Peppers","Western Hits","1999",957783,0,"✓"
"itunes-947701032","Under the Bridge","Red Hot Chili Peppers","Western Hits","1991",951375,0,"✓"
"itunes-945578427","Can't Stop","Red Hot Chili Peppers","Western Hits","2002",944981,0,"✓"
"itunes-947701044","Otherside","Red Hot Chili Peppers","Western Hits","1999",923277,0,"✓"
"itunes-947701036","Scar Tissue","Red Hot Chili Peppers","Western Hits","1999",914445,0,"✓"
"itunes-945578421","By the Way","Red Hot Chili Peppers","Western Hits","2002",858277,0,"✓"
"itunes-1109250843","Dark Necessities","Red Hot Chili Peppers","Western Hits","2016",813284,0,"✓"
"itunes-947701034","Give It Away","Red Hot Chili Peppers","Western Hits","1991",790816,0,"✓"
"itunes-945578426","The Zephyr Song","Red Hot Chili Peppers","Western Hits","2002",775631,0,"✓"
"itunes-945578424","Dosed","Red Hot Chili Peppers","Western Hits","2002",650324,0,"✓"
"itunes-945569013","Tell Me Baby","Red Hot Chili Peppers","Western Hits","2006",635693,0,"✓"
"itunes-947701037","Soul to Squeeze","Red Hot Chili Peppers","Western Hits","1993",623933,0,"✓"
"itunes-6786572712","Higher Ground (Remastered 2003)","Red Hot Chili Peppers","Western Hits","1989",609543,0,"✓"
"itunes-945569010","Wet Sand","Red Hot Chili Peppers","Western Hits","2006",568375,0,"✓"
"itunes-6786572716","Subway to Venus (Remastered 2003)","Red Hot Chili Peppers","Western Hits","1989",311905,0,"✓"
"itunes-207928116","Snow (Hey Oh)","Red Hot Chili Peppers","Western Hits","2006",0,0,"✓"
"itunes-208036515","Dani California","Red Hot Chili Peppers","Western Hits","2006",0,0,"✓"
"itunes-6768531712","Sandiwara Cinta","Repvblik","Nostalgia 2000s","2014",96198,0,"✓"
"itunes-6768531714","Selimut Tetangga","Repvblik","Nostalgia 2000s","2014",93389,0,"✓"
"itunes-1693813370","Aku Tetap Cinta","Repvblik","Nostalgia 2000s","2016",84784,0,"✓"
"itunes-1693800410","Aku Rela","Repvblik","Nostalgia 2000s","2011",84784,0,"✓"
"itunes-1693813726","Aku Takut","Repvblik","Nostalgia 2000s","2016",65956,0,"✓"
"itunes-1693813389","Sayang Sampai Mati","Repvblik","Nostalgia 2000s","2016",54457,0,"✓"
"itunes-6768531716","Aku Yang Terluka","Repvblik","Nostalgia 2000s","2014",52209,0,"✓"
"itunes-1693800967","Hidup Dan Cintaku","Repvblik","Nostalgia 2000s","2011",47928,0,"✓"
"itunes-1693814177","Seluruh Hidup Dan Cintaku","Repvblik","Nostalgia 2000s","2016",47928,0,"✓"
"itunes-1693813375","Kenangan Terpendam","Repvblik","Nostalgia 2000s","2016",47744,0,"✓"
"itunes-1693813384","Selingkuh","Repvblik","Nostalgia 2000s","2016",40094,0,"✓"
"itunes-1693813747","Kau Adalah Hatiku","Repvblik","Nostalgia 2000s","2016",34183,0,"✓"
"itunes-6768531717","Duri Cinta","Repvblik","Nostalgia 2000s","2014",33261,0,"✓"
"itunes-1693813737","Dari Hati Kecilku","Repvblik","Nostalgia 2000s","2016",33261,0,"✓"
"itunes-6768531715","Sakit Aku Sakit","Repvblik","Nostalgia 2000s","2014",26495,0,"✓"
"itunes-1693814328","Kangen Dirimu","Repvblik","Nostalgia 2000s","2016",26486,0,"✓"
"itunes-1693801246","Tlah Kuberikan","Repvblik","Nostalgia 2000s","2011",26483,0,"✓"
"itunes-1693813999","Mencintaimu","Repvblik","Nostalgia 2000s","2016",26154,0,"✓"
"itunes-1693797047","Sudah Cukup","Repvblik","Nostalgia 2000s","2007",26061,0,"✓"
"itunes-1693810862","Aku Dan Perasaan Ini","Repvblik","Nostalgia 2000s","2009",22048,0,"✓"
"itunes-1693800074","Harus Berbuat Apa Lagi","Repvblik","Nostalgia 2000s","2011",21970,0,"✓"
"itunes-1693810614","Tiada Guna lagi","Repvblik","Nostalgia 2000s","2009",15848,0,"✓"
"itunes-1188253011","Syahdu","Rhoma Irama","Pop Jawa & Koplo","2007",100000,0,"✓"
"itunes-1199335530","Mirasantika","Rhoma Irama","Pop Jawa & Koplo","2015",100000,0,"✓"
"itunes-1188257588","Adu Domba","Rhoma Irama","Pop Jawa & Koplo","1983",100000,0,"✓"
"itunes-1594593389","Cuma Kamu (feat. Via Vallen)","Rhoma Irama","Pop Jawa & Koplo","2014",100000,0,"✓"
"itunes-1188257778","Indonesia","Rhoma Irama","Pop Jawa & Koplo","2007",100000,0,"✓"
"itunes-1199335524","Judi","Rhoma Irama","Pop Jawa & Koplo","2015",31127,0,"✓"
"itunes-1188253010","Santai","Rhoma Irama","Pop Jawa & Koplo","2007",25995,0,"✓"
"itunes-1188257587","135 Juta","Rhoma Irama","Pop Jawa & Koplo","2007",25460,0,"✓"
"itunes-1188253012","Malam Terakhir","Rhoma Irama","Pop Jawa & Koplo","2007",23247,0,"✓"
"itunes-1745094593","Ghibah","Rhoma Irama","Pop Jawa & Koplo","1983",22476,0,"✓"
"itunes-1188257775","Generasi Muda","Rhoma Irama","Pop Jawa & Koplo","2007",15911,0,"✓"
"itunes-1193904317","Bunga Surga","Rhoma Irama","Pop Jawa & Koplo","2008",6164,0,"✓"
"itunes-1188252940","Musik","Rhoma Irama","Pop Jawa & Koplo","2007",3428,0,"✓"
"itunes-1745094398","Sebujur Bangkai","Rhoma Irama","Pop Jawa & Koplo","1983",2915,0,"✓"
"itunes-1199335532","Penasaran","Rhoma Irama","Pop Jawa & Koplo","2015",2755,0,"✓"
"itunes-1188253005","Do Mi Sol","Rhoma Irama","Pop Jawa & Koplo","2007",1322,0,"✓"
"itunes-1188253013","Terajana","Rhoma Irama","Pop Jawa & Koplo","2007",0,0,"✓"
"itunes-1188257772","Dangdut Terajana","Rhoma Irama","Pop Jawa & Koplo","2007",0,0,"✓"
"itunes-1130113431","Break the Silence","Richard Caddock, WRLD, Nitro Fun, Slips & Slurs & Subtact","Nostalgia 2000s","2016",203868,0,"✓"
"itunes-709898969","Waktu (feat. Glenn Fredly & Dira Sugandi)","Rifka Rachman Experience","Galau Hits","2013",0,0,"✓"
"rihanna-don-t-stop-the-music","Don't Stop The Music","Rihanna","Western Hits","2007",987446,0,"✓"
"itunes-1440758945","We Found Love (feat. Calvin Harris)","Rihanna","Western Hits","2011",983931,0,"✓"
"rihanna-only-girl-in-the-world","Only Girl (In The World)","Rihanna","Western Hits","2010",965751,0,"✓"
"rihanna-umbrella-feat-ja-z","Umbrella (feat. JAŸ-Z)","Rihanna","Western Hits","2007",958984,0,"✓"
"rihanna-stay-feat-mikky-ekko","Stay (feat. Mikky Ekko)","Rihanna","Western Hits","2012",957868,0,"✓"
"rihanna-diamonds","Diamonds","Rihanna","Western Hits","2012",955912,0,"✓"
"rihanna-breakin-dishes","Breakin' Dishes","Rihanna","Western Hits","2007",922366,0,"✓"
"rihanna-disturbia","Disturbia","Rihanna","Western Hits","2008",919863,0,"✓"
"rihanna-pon-de-replay","Pon de Replay","Rihanna","Western Hits","2005",850875,0,"✓"
"rihanna-sos","SOS","Rihanna","Western Hits","2006",821291,0,"✓"
"rihanna-take-a-bow","Take a Bow","Rihanna","Western Hits","2008",789557,0,"✓"
"rihanna-desperado","Desperado","Rihanna","Western Hits","2016",708411,0,"✓"
"rihanna-and-kanye-west-and-paul-mccartney-fourfiveseconds","FourFiveSeconds","Rihanna and Kanye West and Paul McCartney","Western Hits","2015",806982,0,"✓"
"itunes-1711246951","Pria Idaman","Rita Sugiarto","Pop Jawa & Koplo","1976",100000,0,"✓"
"itunes-1874558913","Tulang Rusuk","Rita Sugiarto","Pop Jawa & Koplo","2019",100000,0,"✓"
"itunes-1582629070","Iming Iming","Rita Sugiarto","Pop Jawa & Koplo","2008",23605,0,"✓"
"itunes-1463203340","Dua Kursi","Rita Sugiarto","Pop Jawa & Koplo","2016",15997,0,"✓"
"itunes-1582629073","Rindu","Rita Sugiarto","Pop Jawa & Koplo","2008",8845,0,"✓"
"itunes-1584043604","Pertemuan","Rita Sugiarto","Pop Jawa & Koplo","2008",1806,0,"✓"
"itunes-1192259779","Serigala Berbulu Domba","Rita Sugiarto","Pop Jawa & Koplo","2010",0,0,"✓"
"itunes-1567263887","Hingga Tua Bersama","Rizky Febian","Galau Hits","2021",180435,0,"✓"
"itunes-1662770981","Salah","Rizky Febian","Galau Hits","2022",63239,0,"✓"
"itunes-1624632801","Dirimu Satu (From "My Lecturer My Husband 2")","Rizky Febian","Galau Hits","2022",26424,0,"✓"
"itunes-1621834259","Ribuan Hati (From "My Lecturer, My Husband 2")","Rizky Febian","Galau Hits","2022",7770,0,"✓"
"itunes-1583531468","Merelakan (Ost. Kata)","Rizky Febian","Galau Hits","2021",0,0,"✓"
"itunes-1842131302","Alamak","Rizky Febian & Adrian Khalif","Galau Hits","2025",237951,0,"✓"
"itunes-1856533612","Alamak (Dipha Barus Remix)","Rizky Febian & Adrian Khalif","Galau Hits","2025",68519,0,"✓"
"itunes-1397711073","Berpisah Itu Mudah","Rizky Febian & Mikha Tambayong","Galau Hits","2018",0,0,"✓"
"rocket-rockers-masih-banyak-hati-yang-menunggu","Masih Banyak Hati Yang Menunggu","Rocket Rockers","Anthem Tongkrongan","2014",100000,0,"✓"
"rocket-rockers-dia","Dia","Rocket Rockers","Anthem Tongkrongan","2011",62023,0,"✓"
"rocket-rockers-ingin-hilang-ingatan","Ingin Hilang Ingatan","Rocket Rockers","Anthem Tongkrongan","2008",56138,0,"✓"
"rocket-rockers-bangkit","Bangkit","Rocket Rockers","Anthem Tongkrongan","2004",51513,0,"✓"
"rocket-rockers-hitam-putih-dunia","Hitam Putih Dunia","Rocket Rockers","Anthem Tongkrongan","2011",26904,0,"✓"
"rocket-rockers-she-s-my-cheerleader","She's My Cheerleader","Rocket Rockers","Anthem Tongkrongan","2002",25399,0,"✓"
"rocket-rockers-terobsesi","Terobsesi","Rocket Rockers","Anthem Tongkrongan","2008",23143,0,"✓"
"rocket-rockers-lagu-kita-bersama","Lagu Kita Bersama","Rocket Rockers","Anthem Tongkrongan","2011",18480,0,"✓"
"rocket-rockers-reuni","Reuni","Rocket Rockers","Anthem Tongkrongan","2011",16065,0,"✓"
"rocket-rockers-hari-untukmu","Hari Untukmu","Rocket Rockers","Anthem Tongkrongan","2008",15391,0,"✓"
"rocket-rockers-pesta","Pesta","Rocket Rockers","Anthem Tongkrongan","2004",10046,0,"✓"
"rocket-rockers-bersama-taklukan-dunia","Bersama Taklukan Dunia","Rocket Rockers","Anthem Tongkrongan","2014",3067,0,"✓"
"rocket-rockers-klassix","Klassix","Rocket Rockers","Anthem Tongkrongan","2004",24,0,"✓"
"itunes-6770402742","Sekali Ini Saja","Rossa","Galau Hits","2022",62531,0,"✓"
"itunes-6773197762","Lupakan Cinta","Rossa","Galau Hits","2023",14544,0,"✓"
"run-dmc-walk-this-way-feat-aerosmith","Walk This Way (feat. Aerosmith)","Run-DMC","Western Hits","1986",680541,0,"✓"
"itunes-1443625296","Dan..","SAMSONS","Nostalgia 2000s","2008",917756,0,"✓"
"itunes-1443625287","Cinta","SAMSONS","Nostalgia 2000s","2008",124700,0,"✓"
"itunes-1443625291","Bukan Diriku","SAMSONS","Nostalgia 2000s","2008",106984,0,"✓"
"itunes-1443625293","Akhir Rasa Ini","SAMSONS","Nostalgia 2000s","2008",72312,0,"✓"
"itunes-1443625281","Kehadiranmu","SAMSONS","Nostalgia 2000s","2008",67184,0,"✓"
"itunes-1445285115","I Love You","SAMSONS","Nostalgia 2000s","2016",61737,0,"✓"
"itunes-1443625286","Naluri Lelaki","SAMSONS","Nostalgia 2000s","2008",38897,0,"✓"
"itunes-1443625289","Dengan Nafasmu","SAMSONS","Nostalgia 2000s","2008",37019,0,"✓"
"itunes-1443625283","Yang T'lah Lalu","SAMSONS","Nostalgia 2000s","2008",24154,0,"✓"
"itunes-1487432837","Electrify My Soul","SAMSONS","Nostalgia 2000s","2019",21901,0,"✓"
"itunes-1443625298","Di Penghujung Muda","SAMSONS","Nostalgia 2000s","2008",21351,0,"✓"
"itunes-1443625487","Dengan Nafasmu (Remix)","SAMSONS","Nostalgia 2000s","2008",21015,0,"✓"
"itunes-1443625486","Bukan Diriku (Demo Version)","SAMSONS","Nostalgia 2000s","2008",13302,0,"✓"
"itunes-1443625300","Kutemukan Cinta","SAMSONS","Nostalgia 2000s","2008",11930,0,"✓"
"itunes-1443625483","Romansa Cinta","SAMSONS","Nostalgia 2000s","2008",9787,0,"✓"
"itunes-1443625484","Akhir Rasa Ini (Demo Version)","SAMSONS","Nostalgia 2000s","2008",3843,0,"✓"
"itunes-1444270803","Cinta Mati","SAMSONS","Nostalgia 2000s","2017",1186,0,"✓"
"itunes-1443625489","Naluri Lelaki (Remix)","SAMSONS","Nostalgia 2000s","2008",1068,0,"✓"
"itunes-1545522541","I'd Rather See Your Star Explode","SLAVES","Nostalgia 2000s","2017",395210,0,"✓"
"st12-terlalu","Terlalu","ST12","Nostalgia 2000s","2010",71174,0,"✓"
"st12-rasa-yang-tertinggal","Rasa Yang Tertinggal","ST12","Nostalgia 2000s","2005",53407,0,"✓"
"st12-aku-masih-sayang","Aku Masih Sayang","ST12","Nostalgia 2000s","2005",0,0,"✓"
"st12-atsl","ATSL","ST12","Nostalgia 2000s","2005",0,0,"✓"
"st12-aku-padamu","Aku Padamu","ST12","Nostalgia 2000s","2010",0,1,"✓"
"st12-cari-pacar-lagi","Cari Pacar Lagi","ST12","Nostalgia 2000s","2008",0,0,"✓"
"st12-jangan-pernah-berubah","Jangan Pernah Berubah","ST12","Nostalgia 2000s","2008",0,0,"✓"
"st12-aku-terjatuh","Aku Terjatuh","ST12","Nostalgia 2000s","2010",0,0,"✓"
"st12-putri-iklan","Putri Iklan","ST12","Nostalgia 2000s","2008",0,0,"✓"
"itunes-1324747044","The Weekend (Funk Wav Remix)","SZA & Calvin Harris","Western Hits","2017",623681,0,"✓"
"itunes-1487574537","The Other Side","SZA & Justin Timberlake","Western Hits","2020",664804,0,"✓"
"safira-inema-top-topan","Top Topan","Safira Inema","Pop Jawa & Koplo","2021",100000,0,"✓"
"safira-inema-setia-untuk-selamanya","Setia Untuk Selamanya","Safira Inema","Pop Jawa & Koplo","2021",100000,0,"✓"
"safira-inema-ditinggal-pas-sayang-sayange","Ditinggal Pas Sayang Sayange","Safira Inema","Pop Jawa & Koplo","2020",33229,0,"✓"
"safira-inema-jajal-kowe-dadi-aku","Jajal Kowe Dadi Aku","Safira Inema","Pop Jawa & Koplo","2020",26068,0,"✓"
"safira-inema-sing-tak-sayang-ilang","Sing Tak Sayang Ilang","Safira Inema","Pop Jawa & Koplo","2020",22451,0,"✓"
"safira-inema-apakah-itu-cinta","Apakah Itu Cinta","Safira Inema","Pop Jawa & Koplo","2020",7872,0,"✓"
"safira-inema-lagu-untuk-kamu-dj-kentrung","Lagu Untuk Kamu (Dj Kentrung)","Safira Inema","Pop Jawa & Koplo","2020",6914,0,"✓"
"safira-inema-kawitaning-sinawang","Kawitaning Sinawang","Safira Inema","Pop Jawa & Koplo","2025",6159,0,"✓"
"safira-inema-ku-puja-puja","Ku Puja Puja","Safira Inema","Pop Jawa & Koplo","2020",785,0,"✓"
"itunes-1737268506","I'd like to watch you sleeping","Sal Priadi","Galau Hits","2024",296769,0,"✓"
"itunes-1737267776","Ada titik-titik di ujung doa","Sal Priadi","Galau Hits","2024",208941,0,"✓"
"itunes-1712852374","Mencintaimu","Sal Priadi","Galau Hits","2023",177781,0,"✓"
"itunes-1612160407","Kita usahakan rumah itu","Sal Priadi","Galau Hits","2022",159267,0,"✓"
"itunes-1612160414","Mesra-mesraannya kecil-kecilan dulu","Sal Priadi","Galau Hits","2022",116993,0,"✓"
"itunes-1737267355","Foto kita blur","Sal Priadi","Galau Hits","2024",109536,0,"✓"
"itunes-1494665094","1-2-CHA-CHA","Sal Priadi","Galau Hits","2020",99475,0,"✓"
"itunes-1688588352","Besok kita pergi makan","Sal Priadi","Galau Hits","2023",93007,0,"✓"
"itunes-1737267617","Semua lagu cinta","Sal Priadi","Galau Hits","2024",64342,0,"✓"
"itunes-1519888141","Irama Laot Teduh","Sal Priadi","Galau Hits","2020",60345,0,"✓"
"itunes-1494665101","Ikat Aku Di Tulang Belikatmu","Sal Priadi","Galau Hits","2020",38672,0,"✓"
"itunes-1737268067","Biar jadi urusanku","Sal Priadi","Galau Hits","2024",38672,0,"✓"
"itunes-1494665103","Dalam Diam","Sal Priadi","Galau Hits","2020",38352,0,"✓"
"itunes-1551289926","Serta Mulia","Sal Priadi","Galau Hits","2021",32455,0,"✓"
"itunes-1452509297","Jangan Bertengkar Lagi Ya? OK? OK!","Sal Priadi","Galau Hits","2019",7887,0,"✓"
"itunes-1464658606","Amin Paling Serius","Sal Priadi & Nadin Amizah","Galau Hits","2019",91225,0,"✓"
"sam-feldt-post-malone-feat-rani","Post Malone (feat. RANI)","Sam Feldt","Western Hits","2019",658900,0,"✓"
"sam-feldt-post-malone-feat-rani-vize-remix","Post Malone (feat. RANI) [VIZE Remix]","Sam Feldt","Western Hits","2019",374436,0,"✓"
"sam-feldt-post-malone-feat-rani-joe-stone-remix","Post Malone (feat. RANI) [Joe Stone Remix]","Sam Feldt","Western Hits","2019",297232,0,"✓"
"sam-feldt-post-malone-feat-rani-acoustic","Post Malone (feat. RANI) [Acoustic]","Sam Feldt","Western Hits","2019",178684,0,"✓"
"sam-smith-i-m-not-the-only-one-live-from-apple-music-studios","I'm Not The Only One (Live from Apple Music Studios)","Sam Smith","Western Hits","2026",891200,0,"✓"
"sam-smith-stay-with-me-live-from-apple-music-studios","Stay With Me (Live from Apple Music Studios)","Sam Smith","Western Hits","2026",864608,0,"✓"
"sam-smith-too-good-at-goodbyes","Too Good at Goodbyes","Sam Smith","Western Hits","2017",849492,0,"✓"
"sam-smith-fire-on-fire","Fire on Fire","Sam Smith","Western Hits","2018",839096,0,"✓"
"sam-smith-how-do-you-sleep","How Do You Sleep?","Sam Smith","Western Hits","2019",673966,0,"✓"
"sam-smith-lay-me-down","Lay Me Down","Sam Smith","Western Hits","2013",648922,0,"✓"
"sam-smith-no-peace-feat-yebba","No Peace (feat. Yebba)","Sam Smith","Western Hits","2017",447687,0,"✓"
"sam-smith-to-die-for-bonus-track","To Die For (Bonus Track)","Sam Smith","Western Hits","2020",270378,0,"✓"
"sam-smith-lay-me-down-bbc-proms-at-the-royal-albert-hall","Lay Me Down (BBC Proms At The Royal Albert Hall)","Sam Smith","Western Hits","2025",221927,0,"✓"
"sam-smith-too-good-at-goodbyes-bbc-proms-at-the-royal-albert-hall","Too Good At Goodbyes (BBC Proms At The Royal Albert Hall)","Sam Smith","Western Hits","2025",189706,0,"✓"
"sam-smith-nirvana-harry-fraud-remix","Nirvana (Harry Fraud Remix)","Sam Smith","Western Hits","2013",0,0,"✓"
"sam-smith-kim-petras-unholy","Unholy","Sam Smith & Kim Petras","Western Hits","2022",848396,0,"✓"
"sam-smith-normani-dancing-with-a-stranger","Dancing With A Stranger","Sam Smith & Normani","Western Hits","2019",798512,0,"✓"
"sammy-simorangkir-tak-mampu-pergi","Tak Mampu Pergi","Sammy Simorangkir","Galau Hits","2013",75227,0,"✓"
"sammy-simorangkir-kaulah-segalanya","Kaulah Segalanya","Sammy Simorangkir","Galau Hits","2012",68118,0,"✓"
"sammy-simorangkir-dibalas-dengan-dusta","Dibalas Dengan Dusta","Sammy Simorangkir","Galau Hits","2021",50607,0,"✓"
"sammy-simorangkir-dia","Dia","Sammy Simorangkir","Galau Hits","2012",40850,0,"✓"
"sammy-simorangkir-tulang-rusuk","Tulang Rusuk","Sammy Simorangkir","Galau Hits","2017",32081,0,"✓"
"sammy-simorangkir-kesedihanku","Kesedihanku","Sammy Simorangkir","Galau Hits","2012",31129,0,"✓"
"sammy-simorangkir-karena-kita","Karena kita","Sammy Simorangkir","Galau Hits","2013",26700,0,"✓"
"sammy-simorangkir-kau-harus-bahagia","Kau Harus Bahagia","Sammy Simorangkir","Galau Hits","2013",21397,0,"✓"
"sammy-simorangkir-coba-ulangi","Coba Ulangi","Sammy Simorangkir","Galau Hits","2018",11510,0,"✓"
"sammy-simorangkir-kisah-abadi","Kisah Abadi","Sammy Simorangkir","Galau Hits","2022",7410,0,"✓"
"itunes-1487766090","Tulus","Sandra Dianne","Galau Hits","2020",0,0,"✓"
"sari-simorangkir-karya-terbesar-feat-sammy-simorangkir","Karya Terbesar (feat. Sammy Simorangkir)","Sari Simorangkir","Galau Hits","2004",100000,0,"✓"
"scorpions-wind-of-change","Wind of Change","Scorpions","Western Hits","1990",916862,0,"✓"
"scorpions-send-me-an-angel","Send Me an Angel","Scorpions","Western Hits","1990",830147,0,"✓"
"scorpions-still-loving-you","Still Loving You","Scorpions","Western Hits","1984",804475,0,"✓"
"scorpions-rock-you-like-a-hurricane","Rock You Like a Hurricane","Scorpions","Western Hits","1984",767838,0,"✓"
"scorpions-always-somewhere","Always Somewhere","Scorpions","Western Hits","1979",697047,0,"✓"
"scorpions-no-one-like-you","No One Like You","Scorpions","Western Hits","1982",643153,0,"✓"
"scorpions-when-the-smoke-is-going-down","When the Smoke Is Going Down","Scorpions","Western Hits","1982",620330,0,"✓"
"scorpions-holiday","Holiday","Scorpions","Western Hits","1979",601732,0,"✓"
"scorpions-the-zoo","The Zoo","Scorpions","Western Hits","1980",543909,0,"✓"
"scorpions-big-city-nights","Big City Nights","Scorpions","Western Hits","1984",519158,0,"✓"
"scorpions-blackout","Blackout","Scorpions","Western Hits","1982",445447,0,"✓"
"scorpions-rhythm-of-love","Rhythm of Love","Scorpions","Western Hits","1988",415305,0,"✓"
"sean-kingston-justin-bieber-eenie-meenie","Eenie Meenie","Sean Kingston & Justin Bieber","Western Hits","2010",785100,0,"✓"
"itunes-1396477176","No Lie (feat. Dua Lipa)","Sean Paul","Western Hits","2016",917076,0,"✓"
"itunes-6767726222","Titenono","Sela Good & Hendra Kumbara","Pop Jawa & Koplo","2025",10321,0,"✓"
"itunes-1444538067","Ishtarkult (feat. Danilla)","Seringai","Galau Hits","2018",1635,0,"✓"
"itunes-1224018008","Musik Jazz","Seurieus","Nostalgia 2000s","2006",96002,0,"✓"
"itunes-1824136476","Apanya Dong","Seurieus","Nostalgia 2000s","2005",39696,0,"✓"
"itunes-1224017825","Izinkan","Seurieus","Nostalgia 2000s","2006",26210,0,"✓"
"itunes-1224018225","Bdg19 Okt","Seurieus","Nostalgia 2000s","2006",0,0,"✓"
"itunes-1224018243","Kecuali Dia","Seurieus","Nostalgia 2000s","2006",0,0,"✓"
"itunes-1224018223","Sendiri Itu Indah","Seurieus","Nostalgia 2000s","2006",0,0,"✓"
"itunes-1224018232","Kau Pasti Jadi Milikku","Seurieus","Nostalgia 2000s","2006",0,0,"✓"
"itunes-1224018221","Kapan Ku Punya Pacar","Seurieus","Nostalgia 2000s","2006",0,0,"✓"
"itunes-1224018222","Jomblo Jomblo Bahagia (Jojoba)","Seurieus","Nostalgia 2000s","2006",0,0,"✓"
"itunes-1224018235","Bosan Sendiri","Seurieus","Nostalgia 2000s","2006",0,0,"✓"
"itunes-557508084","Hey Cantik","Shaggydog","Anthem Tongkrongan","2006",122800,0,"✓"
"itunes-557508080","Kembali Berdansa","Shaggydog","Anthem Tongkrongan","2006",36199,0,"✓"
"itunes-1143799632","Pulau Impian (feat. Danar Pramesti)","Shaggydog","Anthem Tongkrongan","2016",33267,0,"✓"
"itunes-557508085","Special Buat Kamu","Shaggydog","Anthem Tongkrongan","2006",31373,0,"✓"
"itunes-557508081","Cobalah Mengerti","Shaggydog","Anthem Tongkrongan","2006",30024,0,"✓"
"itunes-557508096","Jalan Jalan","Shaggydog","Anthem Tongkrongan","2006",24641,0,"✓"
"itunes-557508094","Berteman Angin","Shaggydog","Anthem Tongkrongan","2006",22442,0,"✓"
"itunes-1753294381","Honey","Shaggydog","Anthem Tongkrongan","2024",22440,0,"✓"
"itunes-1143799506","Putra Nusantara (feat. Iwa Kusuma)","Shaggydog","Anthem Tongkrongan","2016",22112,0,"✓"
"itunes-557508092","Pesta","Shaggydog","Anthem Tongkrongan","2006",21349,0,"✓"
"itunes-1143799596","Rock da Mic","Shaggydog","Anthem Tongkrongan","2016",21192,0,"✓"
"itunes-1143799502","Pion (feat. Sujiwo Tejo)","Shaggydog","Anthem Tongkrongan","2016",11488,0,"✓"
"itunes-1143799501","Kere Hore (feat. Tony)","Shaggydog","Anthem Tongkrongan","2016",10025,0,"✓"
"itunes-1143799597","Kamu Di Hatiku","Shaggydog","Anthem Tongkrongan","2016",7926,0,"✓"
"itunes-557508095","Date","Shaggydog","Anthem Tongkrongan","2006",6899,0,"✓"
"itunes-1143799505","Suka Reggae","Shaggydog","Anthem Tongkrongan","2016",5461,0,"✓"
"itunes-557508093","Lagu Rindu","Shaggydog","Anthem Tongkrongan","2006",2776,0,"✓"
"itunes-557508083","Bungaku","Shaggydog","Anthem Tongkrongan","2006",2770,0,"✓"
"itunes-1286862207","Ambilkan Gelas (feat. NDX AKA)","Shaggydog","Anthem Tongkrongan","2017",1263,0,"✓"
"shakira-loca-feat-el-cata","Loca (feat. El Cata)","Shakira","Western Hits","2010",883242,0,"✓"
"shakira-hips-don-t-lie-feat-wyclef-jean","Hips Don't Lie (feat. Wyclef Jean)","Shakira","Western Hits","2006",877817,0,"✓"
"shakira-chantaje-feat-maluma","Chantaje (feat. Maluma)","Shakira","Western Hits","2016",874967,0,"✓"
"shakira-zoo","Zoo","Shakira","Western Hits","2025",829876,0,"✓"
"shakira-try-everything","Try Everything","Shakira","Western Hits","2016",829876,0,"✓"
"shakira-la-tortura-feat-alejandro-sanz","La Tortura (feat. Alejandro Sanz)","Shakira","Western Hits","2005",808227,0,"✓"
"shakira-she-wolf","She Wolf","Shakira","Western Hits","2009",793759,0,"✓"
"shakira-waka-waka-esto-es-africa-feat-freshlyground","Waka Waka (Esto es Africa) [feat. Freshlyground]","Shakira","Western Hits","2010",729842,0,"✓"
"shakira-hips-don-t-lie-featuring-wyclef-jean-en-espa-ol","Hips Don't Lie (featuring Wyclef Jean) [En Español]","Shakira","Western Hits","2006",405224,0,"✓"
"shakira-whenever-wherever","Whenever, Wherever","Shakira","Western Hits","2001",343878,0,"✓"
"shakira-beyonc-beautiful-liar","Beautiful Liar","Shakira & Beyoncé","Western Hits","2007",840430,0,"✓"
"shakira-burna-boy-dai-dai","Dai Dai","Shakira & Burna Boy","Western Hits","2026",990618,0,"✓"
"shakira-rauw-alejandro-te-felicito","Te Felicito","Shakira & Rauw Alejandro","Western Hits","2022",749569,0,"✓"
"shawn-mendes-treat-you-better","Treat You Better","Shawn Mendes","Western Hits","2016",943864,0,"✓"
"shawn-mendes-treat-you-better-live-from-new-york","Treat You Better (Live From New York)","Shawn Mendes","Western Hits","2026",943864,0,"✓"
"shawn-mendes-there-s-nothing-holdin-me-back","There's Nothing Holdin' Me Back","Shawn Mendes","Western Hits","2016",906259,0,"✓"
"shawn-mendes-bad-reputation","Bad Reputation","Shawn Mendes","Western Hits","2016",545541,0,"✓"
"shawn-mendes-don-t-be-a-fool","Don't Be A Fool","Shawn Mendes","Western Hits","2016",506284,0,"✓"
"shawn-mendes-honest","Honest","Shawn Mendes","Western Hits","2016",437618,0,"✓"
"itunes-1440849838","Air (feat. Astrid S)","Shawn Mendes","Galau Hits","2015",319179,0,"✓"
"shawn-mendes-queen","Queen","Shawn Mendes","Western Hits","2018",307076,0,"✓"
"shawn-mendes-like-this","Like This","Shawn Mendes","Western Hits","2016",100000,0,"✓"
"shawn-mendes-patience","Patience","Shawn Mendes","Western Hits","2016",100000,0,"✓"
"shawn-mendes-understand","Understand","Shawn Mendes","Western Hits","2016",100000,0,"✓"
"shawn-mendes-hold-on","Hold On","Shawn Mendes","Western Hits","2016",100000,0,"✓"
"shawn-mendes-three-empty-words","Three Empty Words","Shawn Mendes","Western Hits","2016",61472,0,"✓"
"shawn-mendes-lights-on","Lights On","Shawn Mendes","Western Hits","2016",31856,0,"✓"
"shawn-mendes-no-promises","No Promises","Shawn Mendes","Western Hits","2016",3058,0,"✓"
"sheila-dan","Dan","Sheila On 7","Nostalgia 2000s","1999",189240,0,"✓"
"itunes-6766737002","Pemuja Rahasia","Sheila On 7","Nostalgia 2000s","2004",156879,0,"✓"
"itunes-883941889","Bila Kau Tak Disampingku","Sheila On 7","Nostalgia 2000s","2000",152012,0,"✓"
"itunes-326500888","Kita","Sheila On 7","Nostalgia 2000s","1999",151784,0,"✓"
"itunes-422610933","Hari Bersamanya","Sheila On 7","Nostalgia 2000s","2010",148924,1,"✓"
"itunes-326499684","Seberapa Pantas","Sheila On 7","Nostalgia 2000s","1999",134269,0,"✓"
"itunes-307684714","Yang Terlewatkan","Sheila On 7","Nostalgia 2000s","2008",127713,0,"✓"
"itunes-326500983","Perhatikan, Rani!","Sheila On 7","Nostalgia 2000s","1999",118892,0,"✓"
"itunes-326500890","Anugerah Terindah Yang Pernah Kumiliki","Sheila On 7","Nostalgia 2000s","1999",111385,0,"✓"
"itunes-1825554054","Film Favorit","Sheila On 7","Nostalgia 2000s","2018",92160,0,"✓"
"itunes-326499686","Buat Aku Tersenyum","Sheila On 7","Nostalgia 2000s","1999",88313,0,"✓"
"itunes-326499698","Pria Kesepian","Sheila On 7","Nostalgia 2000s","1999",84197,0,"✓"
"itunes-326505230","Pejantan Tangguh","Sheila On 7","Nostalgia 2000s","2004",71903,0,"✓"
"itunes-307684717","Mudah Saja","Sheila On 7","Nostalgia 2000s","2008",71172,0,"✓"
"itunes-326499683","Hingga Ujung Waktu","Sheila On 7","Nostalgia 2000s","1999",68288,0,"✓"
"itunes-326505236","Itu Aku","Sheila On 7","Nostalgia 2000s","2004",59823,0,"✓"
"itunes-326499687","Saat Aku Lanjut Usia","Sheila On 7","Nostalgia 2000s","1999",54236,0,"✓"
"itunes-326498211","Berhenti Berharap","Sheila On 7","Nostalgia 2000s","2003",36105,0,"✓"
"itunes-326500889","J.A.P. (Jadikan Aku Pacarmu)","Sheila On 7","Nostalgia 2000s","1999",0,0,"✓"
"itunes-1843267075","Lepas Kendali","Sheryl Sheinafia","Galau Hits","2025",100000,0,"✓"
"itunes-1872859864","Siapa Suruh Jatuh Cinta?","Sheryl Sheinafia","Galau Hits","2026",100000,0,"✓"
"itunes-1599161705","Earn It","Sheryl Sheinafia","Galau Hits","2022",26248,0,"✓"
"itunes-1885766127","situationship","Sheryl Sheinafia","Galau Hits","2023",13589,0,"✓"
"itunes-1609142252","Dedicate","Sheryl Sheinafia","Galau Hits","2022",10144,0,"✓"
"itunes-1055594891","Kutunggu Kau Putus","Sheryl Sheinafia","Galau Hits","2015",0,0,"✓"
"itunes-781426788","Rasa Sunyi","Sheryl Sheinafia","Galau Hits","2013",0,0,"✓"
"itunes-1173804615","Kedua Kalinya","Sheryl Sheinafia","Galau Hits","2016",0,0,"✓"
"itunes-781429631","Bla Bla Bla","Sheryl Sheinafia","Galau Hits","2013",0,0,"✓"
"itunes-781425633","Demi Aku","Sheryl Sheinafia","Galau Hits","2012",0,0,"✓"
"itunes-1824093578","Sweet Talk (feat. Chandra Liow)","Sheryl Sheinafia & Rizky Febian","Galau Hits","2017",0,0,"✓"
"itunes-1718502935","Santri Pekok (feat. Shinta Gisul)","Shinta Arsinta","Pop Jawa & Koplo","2023",30250,0,"✓"
"itunes-1725297765","Lintang Asmoro (feat. Arya Galih)","Shinta Arsinta","Pop Jawa & Koplo","2023",0,0,"✓"
"itunes-1779692045","Cinta Membawa Derita (feat. Mahesa Music)","Shinta Arsinta","Pop Jawa & Koplo","2024",0,0,"✓"
"itunes-1723982196","Anak Lanang","Shinta Arsinta","Pop Jawa & Koplo","2024",0,0,"✓"
"itunes-1877905255","Hati Ini Selalu Milikmu","Shinta Arsinta","Pop Jawa & Koplo","2023",0,0,"✓"
"itunes-1724139711","Kimcil Kepolen","Shinta Arsinta & Ajeng Febria","Pop Jawa & Koplo","2023",0,0,"✓"
"itunes-1643503290","Boom Padi (From "Maja Ma")","Shreya Ghoshal, Osman Mir, Siddharth Mahadevan, Soumil Shringarpure & Priya Saraiya","Nostalgia 2000s","2022",137131,0,"✓"
"itunes-989874548","Chandelier","Sia","Western Hits","2014",937345,0,"✓"
"itunes-1871071840","Unstoppable","Sia","Western Hits","2016",916433,0,"✓"
"itunes-882945393","Elastic Heart","Sia","Western Hits","2014",889574,0,"✓"
"itunes-1055074640","Cheap Thrills","Sia","Western Hits","2015",860255,0,"✓"
"itunes-1082506273","Cheap Thrills (feat. Sean Paul)","Sia","Western Hits","2016",860255,0,"✓"
"itunes-1162482667","The Greatest","Sia","Western Hits","2016",851555,0,"✓"
"itunes-1162482639","The Greatest (feat. Kendrick Lamar)","Sia","Western Hits","2016",851555,0,"✓"
"itunes-1055074631","Bird Set Free","Sia","Western Hits","2015",836963,0,"✓"
"itunes-714521368","Breathe Me","Sia","Western Hits","2004",829595,0,"✓"
"itunes-1440098017","Snowman","Sia","Western Hits","2017",777536,0,"✓"
"itunes-1178827790","Angel by the Wings","Sia","Western Hits","2016",772896,0,"✓"
"itunes-1177210357","Never Give Up","Sia","Western Hits","2016",732409,0,"✓"
"itunes-1055074632","Alive","Sia","Western Hits","2015",707429,0,"✓"
"itunes-1455295990","California Dreamin'","Sia","Western Hits","2015",653719,0,"✓"
"itunes-1055074638","Move Your Body","Sia","Western Hits","2016",639195,0,"✓"
"itunes-1440881266","Helium","Sia","Western Hits","2017",530262,0,"✓"
"itunes-1434745795","Electricity (feat. Diplo & Mark Ronson)","Silk City, Dua Lipa","Western Hits","2017",691632,0,"✓"
"simple-plan-welcome-to-my-life","Welcome to My Life","Simple Plan","Western Hits","2004",775797,0,"✓"
"simple-plan-i-m-just-a-kid","I'm Just a Kid","Simple Plan","Western Hits","2002",737526,0,"✓"
"simple-plan-jet-lag-feat-natasha-bedingfield","Jet Lag (feat. Natasha Bedingfield)","Simple Plan","Western Hits","2011",677603,0,"✓"
"simple-plan-perfect","Perfect","Simple Plan","Western Hits","2002",675368,0,"✓"
"simple-plan-what-s-new-scooby-doo","What's New Scooby-Doo?","Simple Plan","Western Hits","2021",610237,0,"✓"
"simple-plan-when-i-m-gone","When I'm Gone","Simple Plan","Western Hits","2007",596147,0,"✓"
"simple-plan-untitled","Untitled","Simple Plan","Western Hits","2004",591945,0,"✓"
"simple-plan-shut-up","Shut Up","Simple Plan","Western Hits","2004",583081,0,"✓"
"simple-plan-i-d-do-anything","I'd Do Anything","Simple Plan","Western Hits","2002",581610,0,"✓"
"simple-plan-crazy","Crazy","Simple Plan","Western Hits","2004",562015,0,"✓"
"simple-plan-addicted","Addicted","Simple Plan","Western Hits","2002",483615,0,"✓"
"simple-plan-perfect-world","Perfect World","Simple Plan","Western Hits","2004",443318,0,"✓"
"simple-plan-grow-up","Grow Up","Simple Plan","Western Hits","2002",350501,0,"✓"
"sisitipsi-alkohol","Alkohol","Sisitipsi","Anthem Tongkrongan","2016",41252,0,"✓"
"sisitipsi-berlabuh-rindu","Berlabuh Rindu","Sisitipsi","Anthem Tongkrongan","2016",26346,0,"✓"
"sisitipsi-waktu-enggan-menyapa","Waktu Enggan Menyapa","Sisitipsi","Anthem Tongkrongan","2018",24839,0,"✓"
"sisitipsi-bersulang","Bersulang","Sisitipsi","Anthem Tongkrongan","2018",22333,0,"✓"
"sisitipsi-joni-santai","Joni Santai","Sisitipsi","Anthem Tongkrongan","2016",21668,0,"✓"
"sisitipsi-tante-merry","Tante Merry","Sisitipsi","Anthem Tongkrongan","2018",18507,0,"✓"
"sisitipsi-paling-bisa","Paling Bisa","Sisitipsi","Anthem Tongkrongan","2018",17729,0,"✓"
"sisitipsi-aryati","Aryati","Sisitipsi","Anthem Tongkrongan","2023",17729,0,"✓"
"sisitipsi-tiba","Tiba","Sisitipsi","Anthem Tongkrongan","2016",15909,0,"✓"
"sisitipsi-lepas-kendali","Lepas Kendali","Sisitipsi","Anthem Tongkrongan","2016",15801,0,"✓"
"sisitipsi-lantai-dansa","Lantai Dansa","Sisitipsi","Anthem Tongkrongan","2018",2232,0,"✓"
"sisitipsi-kopral-jono","Kopral Jono","Sisitipsi","Anthem Tongkrongan","2022",1459,0,"✓"
"sisitipsi-aroma-dia","Aroma Dia","Sisitipsi","Anthem Tongkrongan","2016",0,0,"✓"
"sisitipsi-masih-kurang","Masih Kurang","Sisitipsi","Anthem Tongkrongan","2018",0,0,"✓"
"sisitipsi-rinai-di-bulan-juni","Rinai (Di Bulan Juni)","Sisitipsi","Anthem Tongkrongan","2016",0,0,"✓"
"itunes-1770257386","Lagi Syantik (Live at SRN Ini Dangdut S02)","Siti Badriah","Pop Jawa & Koplo","2024",188504,0,"✓"
"itunes-1770257725","Brondong Tua (Live at SRN Ini Dangdut S02)","Siti Badriah","Pop Jawa & Koplo","2024",109166,0,"✓"
"itunes-6790952332","Pipi Mimi (Live)","Siti Badriah","Pop Jawa & Koplo","2023",77721,0,"✓"
"itunes-1770257731","Pipi Mimi (Live at SRN Ini Dangdut S02)","Siti Badriah","Pop Jawa & Koplo","2024",77721,0,"✓"
"itunes-1770257719","Bara Bere (Live at SRN Ini Dangdut S02)","Siti Badriah","Pop Jawa & Koplo","2024",77330,0,"✓"
"itunes-1772723545","Aku Butuh Perawatan","Siti Badriah","Pop Jawa & Koplo","2024",61786,0,"✓"
"itunes-1770257727","Suamiku Kawin Lagi (Live at SRN Ini Dangdut S02)","Siti Badriah","Pop Jawa & Koplo","2024",37794,0,"✓"
"itunes-1770257720","Undangan Mantan (Live at SRN Ini Dangdut S02)","Siti Badriah","Pop Jawa & Koplo","2024",30003,0,"✓"
"itunes-1117802749","Senandung Cinta","Siti Badriah","Pop Jawa & Koplo","2016",20945,0,"✓"
"itunes-1770257387","Terong Dicabein (Live at SRN Ini Dangdut S02)","Siti Badriah","Pop Jawa & Koplo","2024",2233,0,"✓"
"itunes-1710239751","Cocote (Tolong Dikondisikan)","Siti Badriah & RPH","Pop Jawa & Koplo","2023",0,0,"✓"
"itunes-1481089495","Seluruh Cinta","Siti Nurhaliza & Cakra Khan","Galau Hits","2014",22327,0,"✓"
"itunes-1550371584","Terlalu Manis (Suka Suka Version)","Slank","Anthem Tongkrongan","1991",143649,0,"✓"
"itunes-1871353484","Terlalu Manis (Suka Suka)","Slank","Anthem Tongkrongan","1991",143649,0,"✓"
"itunes-1550371583","Mawar Merah","Slank","Anthem Tongkrongan","1991",88022,0,"✓"
"itunes-1588922315","Gara Gara Kamu","Slank","Anthem Tongkrongan","2003",86430,0,"✓"
"itunes-932627429","Virus","Slank","Anthem Tongkrongan","2008",76530,0,"✓"
"itunes-1588922314","I Miss U But I Hate U","Slank","Anthem Tongkrongan","2006",59523,0,"✓"
"itunes-1669227332","Balikin (Remastered)","Slank","Anthem Tongkrongan","1998",48556,0,"✓"
"itunes-1588922563","Orkes Sakit Hati","Slank","Anthem Tongkrongan","1999",37557,0,"✓"
"itunes-1588923007","Mars Slanker + GAP 2","Slank","Anthem Tongkrongan","2006",26395,0,"✓"
"itunes-1871353486","Bali Bagus","Slank","Anthem Tongkrongan","1991",21841,0,"✓"
"itunes-1588923016","Terbunuh Sepi","Slank","Anthem Tongkrongan","1994",21069,0,"✓"
"itunes-1615452375","Cinta Gila","Souljah & Hendra Kumbara","Pop Jawa & Koplo","2022",26217,0,"✓"
"itunes-1434723286","Derê (Acústico) [Ao Vivo]","Soweto","Galau Hits","2016",117310,0,"✓"
"spicy-knots-flanella","Flanella","Spicy Knots","Nostalgia 2000s","2020",0,0,"✓"
"itunes-1655930251","Fall In Love Alone","Stacey Ryan & Ziva Magnolya","Galau Hits","2022",459073,0,"✓"
"steven-coconuttreez-kembali-acoustic-version","Kembali (Acoustic Version)","Steven & Coconuttreez","Anthem Tongkrongan","2019",25938,0,"✓"
"itunes-1657539400","Drive (Bang Chan, Lee Know)","Stray Kids, Bang Chan & Lee Know","Nostalgia 2000s","2022",560415,0,"✓"
"su-presencia-goliat","Goliat","Su Presencia","Nostalgia 2000s","2009",193548,0,"✓"
"sum-41-in-too-deep","In Too Deep","Sum 41","Western Hits","2001",854693,0,"✓"
"sum-41-pieces","Pieces","Sum 41","Western Hits","2004",718608,0,"✓"
"sum-41-with-me","With Me","Sum 41","Western Hits","2007",676050,0,"✓"
"sum-41-war","War","Sum 41","Western Hits","2016",658240,0,"✓"
"sum-41-no-reason","No Reason","Sum 41","Western Hits","2004",638009,0,"✓"
"sum-41-we-re-all-to-blame","We're All To Blame","Sum 41","Western Hits","2004",617818,0,"✓"
"sum-41-never-there","Never There","Sum 41","Western Hits","2019",611122,0,"✓"
"sum-41-some-say","Some Say","Sum 41","Western Hits","2004",591446,0,"✓"
"sum-41-motivation","Motivation","Sum 41","Western Hits","2001",565122,0,"✓"
"sum-41-walking-disaster","Walking Disaster","Sum 41","Western Hits","2007",561206,0,"✓"
"sum-41-noots","Noots","Sum 41","Western Hits","2004",539229,0,"✓"
"sum-41-out-for-blood","Out for Blood","Sum 41","Western Hits","2019",531398,0,"✓"
"sum-41-best-of-me","Best of Me","Sum 41","Western Hits","2007",529612,0,"✓"
"sum-41-makes-no-difference","Makes No Difference","Sum 41","Western Hits","2000",463464,0,"✓"
"summrs-element","Element","Summrs","Nostalgia 2000s","2018",76344,0,"✓"
"itunes-326507616","Superman Is Dead","Superman Is Dead","Anthem Tongkrongan","2003",252246,0,"✓"
"itunes-715013505","Sunset Di Tanah Anarki","Superman Is Dead","Anthem Tongkrongan","2013",122434,0,"✓"
"itunes-715013487","Bulan & Ksatria","Superman Is Dead","Anthem Tongkrongan","2013",113849,0,"✓"
"itunes-305764506","Saint of My Life","Superman Is Dead","Anthem Tongkrongan","2008",112866,0,"✓"
"itunes-305764477","Kuat Kita Bersinar","Superman Is Dead","Anthem Tongkrongan","2008",98464,0,"✓"
"itunes-326507519","Punk Hari Ini","Superman Is Dead","Anthem Tongkrongan","2003",87427,0,"✓"
"itunes-305764484","Jika Kami Bersama","Superman Is Dead","Anthem Tongkrongan","2008",71237,0,"✓"
"itunes-326507520","Kuta Rock City","Superman Is Dead","Anthem Tongkrongan","2003",69517,0,"✓"
"itunes-323081428","Lady Rose","Superman Is Dead","Anthem Tongkrongan","2006",10655,0,"✓"
"itunes-1466213903","Kau","T-Five","Nostalgia 2000s","2019",33124,0,"✓"
"itunes-1706374505","Kau (Acoustic)","T-Five","Nostalgia 2000s","2023",33124,0,"✓"
"itunes-6767683347","Kau (feat. Marisha Chacha) [Live]","T-Five","Nostalgia 2000s","2025",33124,0,"✓"
"itunes-323076008","Di Ujung Mimpi","T-Five","Nostalgia 2000s","2005",27457,0,"✓"
"itunes-323076060","Kisah Cintaku","T-Five","Nostalgia 2000s","2005",15351,0,"✓"
"itunes-1438508814","Mendua (feat. Andira)","T-Five","Nostalgia 2000s","2018",711,0,"✓"
"itunes-1868357595","You","T-Five & Ten2Five","Nostalgia 2000s","2024",758900,0,"✓"
"itunes-1695962209","MOVE (T5)","TREASURE","Nostalgia 2000s","2023",77212,0,"✓"
"itunes-1440881575","I'm Getting Ready (feat. Nicki Minaj)","Tasha Cobbs Leonard","Nostalgia 2000s","2017",353473,0,"✓"
"itunes-1646505365","Power (Live)","Tasha Cobbs Leonard & Kierra Sheard Kelly","Nostalgia 2000s","2022",156778,0,"✓"
"tasya-rosmala-gerimis-melanda-hati","Gerimis Melanda Hati","Tasya Rosmala","Pop Jawa & Koplo","2021",27308,0,"✓"
"tasya-rosmala-rela-kau-tinggalkan-aku","Rela Kau Tinggalkan Aku","Tasya Rosmala","Pop Jawa & Koplo","2022",26629,0,"✓"
"tasya-rosmala-kandas-feat-gerry-mahesa","Kandas (feat. Gerry Mahesa)","Tasya Rosmala","Pop Jawa & Koplo","2021",16782,0,"✓"
"tasya-rosmala-isih-sayang-feat-ndarboy-genk","Isih Sayang (feat. Ndarboy Genk)","Tasya Rosmala","Pop Jawa & Koplo","2025",15973,0,"✓"
"tasya-rosmala-hitam-bukan-putih","Hitam Bukan Putih","Tasya Rosmala","Pop Jawa & Koplo","2021",7858,0,"✓"
"tasya-rosmala-harusnya-aku","Harusnya Aku","Tasya Rosmala","Pop Jawa & Koplo","2025",2789,0,"✓"
"itunes-1690862675","BBB (Bad Bitch Behavior)","Tay Money","Nostalgia 2000s","2022",113348,0,"✓"
"taylor-swift-opalite","Opalite","Taylor Swift","Western Hits","2025",968567,0,"✓"
"taylor-swift-fortnight-feat-post-malone","Fortnight (feat. Post Malone)","Taylor Swift","Western Hits","2024",760742,0,"✓"
"taylor-swift-the-fate-of-ophelia","The Fate of Ophelia","Taylor Swift","Western Hits","2025",616155,0,"✓"
"taylor-swift-patient-zero","Patient Zero","Taylor Swift","Western Hits","2026",100000,0,"✓"
"taylor-swift-cleveland","Cleveland!","Taylor Swift","Western Hits","2026",100000,0,"✓"
"taylor-swift-pink-clouding","Pink Clouding","Taylor Swift","Western Hits","2026",100000,0,"✓"
"taylor-swift-babylon","Babylon","Taylor Swift","Western Hits","2026",100000,0,"✓"
"taylor-swift-elizabeth-taylor","Elizabeth Taylor","Taylor Swift","Western Hits","2025",100000,0,"✓"
"taylor-swift-ruin-the-friendship","Ruin The Friendship","Taylor Swift","Western Hits","2025",100000,0,"✓"
"itunes-1645031598","Ocean (feat. Danilla)","Teddy Adhitya","Galau Hits","2022",1621,0,"✓"
"itunes-1861687839","Kau","Ten2Five & T-Five","Nostalgia 2000s","2024",27315,0,"✓"
"itunes-929008205","Tulus","Terry & Ari.l","Galau Hits","2013",18204,0,"✓"
"the-beatles-let-it-be","Let It Be","The Beatles","Western Hits","1970",892844,0,"✓"
"the-beatles-here-comes-the-sun","Here Comes the Sun","The Beatles","Western Hits","1969",886736,0,"✓"
"the-beatles-hey-jude","Hey Jude","The Beatles","Western Hits","1968",859208,0,"✓"
"the-beatles-come-together","Come Together","The Beatles","Western Hits","1969",841971,0,"✓"
"the-beatles-twist-and-shout","Twist and Shout","The Beatles","Western Hits","1963",788809,0,"✓"
"the-beatles-yesterday","Yesterday","The Beatles","Western Hits","1965",785271,0,"✓"
"the-beatles-blackbird","Blackbird","The Beatles","Western Hits","1968",736034,0,"✓"
"the-beatles-michelle","Michelle","The Beatles","Western Hits","1965",697578,0,"✓"
"the-beatles-in-my-life","In My Life","The Beatles","Western Hits","1965",695748,0,"✓"
"the-beatles-i-want-to-hold-your-hand","I Want to Hold Your Hand","The Beatles","Western Hits","1963",665582,0,"✓"
"the-beatles-norwegian-wood-this-bird-has-flown","Norwegian Wood (This Bird Has Flown)","The Beatles","Western Hits","1965",612772,0,"✓"
"the-beatles-the-long-and-winding-road","The Long and Winding Road","The Beatles","Western Hits","1970",585261,0,"✓"
"the-beatles-eleanor-rigby-2022-mix","Eleanor Rigby (2022 Mix)","The Beatles","Western Hits","1966",438254,0,"✓"
"the-beatles-oh-darling-2019-mix","Oh! Darling (2019 Mix)","The Beatles","Western Hits","2019",391063,0,"✓"
"the-beatles-with-a-little-help-from-my-friends-2017-mix","With A Little Help From My Friends (2017 Mix)","The Beatles","Western Hits","1967",379991,0,"✓"
"the-chainsmokers-don-t-let-me-down-feat-daya","Don't Let Me Down (feat. Daya)","The Chainsmokers","Western Hits","2016",881910,0,"✓"
"the-chainsmokers-closer-feat-halsey","Closer (feat. Halsey)","The Chainsmokers","Western Hits","2016",875232,0,"✓"
"the-chainsmokers-roses-feat-rozes","Roses (feat. ROZES)","The Chainsmokers","Western Hits","2015",786150,0,"✓"
"the-chainsmokers-paris","Paris","The Chainsmokers","Western Hits","2017",731798,0,"✓"
"the-chainsmokers-hope-feat-winona-oak","Hope (feat. Winona Oak)","The Chainsmokers","Western Hits","2018",575587,0,"✓"
"the-chainsmokers-this-feeling-feat-kelsea-ballerini","This Feeling (feat. Kelsea Ballerini)","The Chainsmokers","Western Hits","2020",555776,0,"✓"
"the-chainsmokers-call-you-mine-feat-bebe-rexha","Call You Mine (feat. Bebe Rexha)","The Chainsmokers","Western Hits","2019",530536,0,"✓"
"the-chainsmokers-all-we-know-feat-phoebe-ryan","All We Know (feat. Phoebe Ryan)","The Chainsmokers","Western Hits","2016",525937,0,"✓"
"the-chainsmokers-closer-feat-halsey-r3hab-remix","Closer (feat. Halsey) [R3hab Remix]","The Chainsmokers","Western Hits","2016",419006,0,"✓"
"the-chainsmokers-i-love-u","I Love U","The Chainsmokers","Western Hits","2022",343927,0,"✓"
"the-chainsmokers-coldplay-something-just-like-this","Something Just Like This","The Chainsmokers & Coldplay","Western Hits","2017",896671,0,"✓"
"the-chainsmokers-drew-love-somebody","Somebody","The Chainsmokers & Drew Love","Western Hits","2018",469147,0,"✓"
"the-chainsmokers-illenium-takeaway-feat-lennon-stella","Takeaway (feat. Lennon Stella)","The Chainsmokers & ILLENIUM","Western Hits","2019",625311,0,"✓"
"the-chainsmokers-tritonal-until-you-were-gone-feat-emily-warren","Until You Were Gone (feat. Emily Warren)","The Chainsmokers & Tritonal","Western Hits","2015",395017,0,"✓"
"the-changcuters-hijrah-ke-london","Hijrah Ke London","The Changcuters","Anthem Tongkrongan","2008",64538,0,"✓"
"the-changcuters-gila-gilaan","Gila - Gilaan","The Changcuters","Anthem Tongkrongan","2008",53224,0,"✓"
"the-changcuters-dang-ding-dong","Dang Ding Dong","The Changcuters","Anthem Tongkrongan","2008",52233,0,"✓"
"the-changcuters-pria-idaman-wanita","Pria Idaman Wanita","The Changcuters","Anthem Tongkrongan","2008",38159,0,"✓"
"the-changcuters-stokelan-blues","Stokelan Blues","The Changcuters","Anthem Tongkrongan","2008",26687,0,"✓"
"the-changcuters-silat-lidah","Silat Lidah","The Changcuters","Anthem Tongkrongan","2008",26680,0,"✓"
"the-changcuters-parampampam","Parampampam","The Changcuters","Anthem Tongkrongan","2011",26126,0,"✓"
"the-changcuters-keeprock","Keeprock","The Changcuters","Anthem Tongkrongan","2008",15527,0,"✓"
"the-changcuters-hey-nona","Hey Nona","The Changcuters","Anthem Tongkrongan","2008",11519,0,"✓"
"the-changcuters-awas-angkot","Awas Angkot","The Changcuters","Anthem Tongkrongan","2008",7280,0,"✓"
"the-changcuters-generasi-pantang-tua","Generasi Pantang Tua","The Changcuters","Anthem Tongkrongan","2013",1616,0,"✓"
"the-changcuters-only-love","Only Love","The Changcuters","Anthem Tongkrongan","2011",871,0,"✓"
"itunes-995057712","Killing Me Inside (Vocal Version)","The Enigma TNG","Nostalgia 2000s","2015",3822,0,"✓"
"itunes-1526194192","Mr. Brightside","The Killers","Western Hits","2003",936416,0,"✓"
"itunes-1526194195","Somebody Told Me","The Killers","Western Hits","2004",856925,0,"✓"
"itunes-1440864350","Human","The Killers","Western Hits","2008",726273,0,"✓"
"itunes-1440891558","When You Were Young","The Killers","Western Hits","2006",721391,0,"✓"
"itunes-1526194197","All These Things That I've Done","The Killers","Western Hits","2004",647645,0,"✓"
"itunes-1526194193","Smile Like You Mean It","The Killers","Western Hits","2004",643175,0,"✓"
"itunes-6812947101","Read My Mind","The Killers","Western Hits","2006",638771,0,"✓"
"itunes-1440900406","The Man","The Killers","Western Hits","2017",581185,0,"✓"
"itunes-1526194191","Jenny Was a Friend of Mine","The Killers","Western Hits","2004",548325,0,"✓"
"itunes-1440852786","Runaways","The Killers","Western Hits","2012",534335,0,"✓"
"itunes-1440891343","Shot At the Night","The Killers","Western Hits","2013",530867,0,"✓"
"itunes-1440864356","Spaceman","The Killers","Western Hits","2008",522076,0,"✓"
"itunes-1440900418","Run for Cover","The Killers","Western Hits","2017",512886,0,"✓"
"itunes-1440891566","For Reasons Unknown","The Killers","Western Hits","2006",494378,0,"✓"
"itunes-1502453953","My Own Soul's Warning","The Killers","Western Hits","2020",480837,0,"✓"
"itunes-1440852929","Here With Me","The Killers","Western Hits","2012",472396,0,"✓"
"itunes-1502453962","Caution","The Killers","Western Hits","2020",472032,0,"✓"
"itunes-1440853098","Miss Atomic Bomb","The Killers","Western Hits","2012",472004,0,"✓"
"itunes-1440877573","Shadowplay","The Killers","Western Hits","2007",451419,0,"✓"
"itunes-1526194201","Change Your Mind","The Killers","Western Hits","2004",404913,0,"✓"
"the-script-hall-of-fame-feat-will-i-am","Hall of Fame (feat. will.i.am)","The Script","Western Hits","2012",838014,0,"✓"
"the-script-hall-of-fame","Hall of Fame","The Script","Western Hits","2012",838014,0,"✓"
"the-script-the-man-who-can-t-be-moved","The Man Who Can't Be Moved","The Script","Western Hits","2008",788157,0,"✓"
"the-script-superheroes","Superheroes","The Script","Western Hits","2014",729372,0,"✓"
"the-script-breakeven-falling-to-pieces","Breakeven (Falling to Pieces)","The Script","Western Hits","2008",676662,0,"✓"
"the-script-breakeven","Breakeven","The Script","Western Hits","2008",676662,0,"✓"
"the-script-the-last-time","The Last Time","The Script","Western Hits","2019",470404,0,"✓"
"the-script-no-good-in-goodbye","No Good in Goodbye","The Script","Western Hits","2014",437136,0,"✓"
"the-script-nothing","Nothing","The Script","Western Hits","2010",436793,0,"✓"
"the-script-i-m-yours","I'm Yours","The Script","Western Hits","2008",382375,0,"✓"
"the-script-before-the-worst","Before the Worst","The Script","Western Hits","2008",380506,0,"✓"
"the-script-if-you-ever-come-back","If You Ever Come Back","The Script","Western Hits","2010",371328,0,"✓"
"the-upstairs-terekam-tak-pernah-mati-live","Terekam (Tak Pernah Mati) [Live]","The Upstairs","Anthem Tongkrongan","2018",32112,0,"✓"
"the-upstairs-disko-darurat-live","Disko Darurat (Live)","The Upstairs","Anthem Tongkrongan","2018",32108,0,"✓"
"the-upstairs-apakah-aku-berada-di-mars-atau-mereka-mengundang-orang-mars","Apakah Aku Berada Di Mars Atau Mereka Mengundang Orang Mars","The Upstairs","Anthem Tongkrongan","2004",17887,0,"✓"
"the-upstairs-alexander-graham-bell","Alexander Graham Bell","The Upstairs","Anthem Tongkrongan","2018",10050,0,"✓"
"the-upstairs-matraman","Matraman","The Upstairs","Anthem Tongkrongan","2004",7736,0,"✓"
"the-upstairs-semburat-silang-warna","Semburat Silang Warna","The Upstairs","Anthem Tongkrongan","2018",0,0,"✓"
"the-weeknd-i-feel-it-coming-feat-daft-punk","I Feel It Coming (feat. Daft Punk)","The Weeknd","Western Hits","2016",941816,0,"✓"
"the-weeknd-call-out-my-name","Call Out My Name","The Weeknd","Western Hits","2018",920362,0,"✓"
"the-weeknd-die-for-you","Die For You","The Weeknd","Western Hits","2016",918224,0,"✓"
"the-weeknd-stargirl-interlude-feat-lana-del-rey","Stargirl Interlude (feat. Lana Del Rey)","The Weeknd","Western Hits","2016",813286,0,"✓"
"the-weeknd-coming-down","Coming Down","The Weeknd","Western Hits","2011",675837,0,"✓"
"the-weeknd-high-for-this","High For This","The Weeknd","Western Hits","2011",672603,0,"✓"
"the-weeknd-coming-down-original","Coming Down (Original)","The Weeknd","Western Hits","2011",612235,0,"✓"
"the-weeknd-what-you-need","What You Need","The Weeknd","Western Hits","2011",567965,0,"✓"
"the-weeknd-the-birds-pt-1","The Birds Pt. 1","The Weeknd","Western Hits","2011",559742,0,"✓"
"the-weeknd-valerie","Valerie","The Weeknd","Western Hits","2011",477022,0,"✓"
"the-weeknd-ariana-grande-save-your-tears-remix","Save Your Tears (Remix)","The Weeknd & Ariana Grande","Western Hits","2021",955578,0,"✓"
"the-weeknd-ariana-grande-die-for-you-remix","Die For You (Remix)","The Weeknd & Ariana Grande","Western Hits","2023",709240,0,"✓"
"the-weeknd-gesaffelstein-i-was-never-there","I Was Never There","The Weeknd & Gesaffelstein","Western Hits","2018",816997,0,"✓"
"the-weeknd-jennie-lily-rose-depp-one-of-the-girls","One Of The Girls","The Weeknd, JENNIE & Lily Rose Depp","Western Hits","2023",949148,0,"✓"
"itunes-1427513643","Bicara (feat. Monita Tahalea)","TheOvertunes","Galau Hits","2018",47771,0,"✓"
"itunes-1640247795","Benar-Benar","TheOvertunes & Idgitaf","Galau Hits","2022",18215,0,"✓"
"itunes-1440842614","Terry - D","Thriftworks","Galau Hits","2013",37312,0,"✓"
"itunes-284116584","Tulus","Tia, Teguh Vagetoz","Galau Hits","2008",207828,0,"✓"
"itunes-1415354053","Tidur Bersama (feat. Danilla Riyadi)","Tigapagi","Galau Hits","2018",21849,0,"✓"
"timbaland-apologize-feat-onerepublic","Apologize (feat. OneRepublic)","Timbaland","Western Hits","2007",695577,0,"✓"
"itunes-1443188823","Carry Out (Featuring Justin Timberlake)","Timbaland","Western Hits","2009",593840,0,"✓"
"tipe-x-selamat-jalan","Selamat Jalan","Tipe-X","Anthem Tongkrongan","2001",96310,0,"✓"
"tipe-x-mawar-hitam","Mawar Hitam","Tipe-X","Anthem Tongkrongan","2005",90701,0,"✓"
"tipe-x-salam-rindu","Salam Rindu","Tipe-X","Anthem Tongkrongan","2001",78964,0,"✓"
"tipe-x-angan","Angan","Tipe-X","Anthem Tongkrongan","1999",66189,0,"✓"
"tipe-x-melati-aku-benci-kamu","Melati Aku Benci Kamu","Tipe-X","Anthem Tongkrongan","2005",62248,0,"✓"
"tipe-x-genit","Genit","Tipe-X","Anthem Tongkrongan","1999",53975,0,"✓"
"tipe-x-sakit-hati","Sakit Hati","Tipe-X","Anthem Tongkrongan","2001",32073,0,"✓"
"tipe-x-kamu-ngga-sendirian","Kamu Ngga Sendirian","Tipe-X","Anthem Tongkrongan","2005",26869,0,"✓"
"tipe-x-tanda-tanda-patah-hati","Tanda-Tanda Patah Hati","Tipe-X","Anthem Tongkrongan","2005",26848,0,"✓"
"tipe-x-lagi-lagi-sendiri","Lagi Lagi Sendiri","Tipe-X","Anthem Tongkrongan","2001",0,0,"✓"
"tiwa-savage-kizz-daniel-young-jonn-ello-baby","Ello Baby","Tiwa Savage, Kizz Daniel & Young Jonn","Nostalgia 2000s","2019",254835,0,"✓"
"itunes-1851418615","Semusim","Tohpati & Nadhif Basalamah","Galau Hits","2025",25257,0,"✓"
"tony-q-rastafara-gembira-adalah-obat","Gembira Adalah Obat","Tony Q Rastafara","Anthem Tongkrongan","2018",66074,0,"✓"
"tony-q-rastafara-aku-masih-menunggu","Aku Masih Menunggu","Tony Q Rastafara","Anthem Tongkrongan","2018",52409,0,"✓"
"tony-q-rastafara-pada-malam-itu","Pada Malam Itu","Tony Q Rastafara","Anthem Tongkrongan","2018",26865,0,"✓"
"tony-q-rastafara-jangan-kuatir","Jangan Kuatir","Tony Q Rastafara","Anthem Tongkrongan","2018",26684,0,"✓"
"tony-q-rastafara-masih-ada-pintu-terbuka","Masih Ada Pintu Terbuka","Tony Q Rastafara","Anthem Tongkrongan","2021",25848,0,"✓"
"tony-q-rastafara-kutuliskan-sajak","Kutuliskan Sajak","Tony Q Rastafara","Anthem Tongkrongan","2018",25522,0,"✓"
"tony-q-rastafara-dance-with-the-waves-feat-joni-agung","Dance With The Waves (feat. Joni Agung)","Tony Q Rastafara","Anthem Tongkrongan","2018",18870,0,"✓"
"tony-q-rastafara-karena-aku-udara","Karena Aku Udara","Tony Q Rastafara","Anthem Tongkrongan","2018",10245,0,"✓"
"itunes-193013210","With You","Tony Terry","Galau Hits","1990",225183,0,"✓"
"itunes-1444142455","Ecoutez, Repetez","Touch and Go","Nostalgia 2000s","1999",150107,0,"✓"
"itunes-79565534","She's Got Her Ticket","Tracy Chapman","Nostalgia 2000s","1988",528849,0,"✓"
"transgresja-goliat","Goliat","Transgresja","Nostalgia 2000s","2022",68663,0,"✓"
"travis-scott-yosemite","YOSEMITE","Travis Scott","Nostalgia 2000s","2018",112523,0,"✓"
"itunes-1130113445","Before We Fade","Tristam","Nostalgia 2000s","2016",126577,0,"✓"
"itunes-1496913224","1000 Tahun Lamanya","Tulus","Galau Hits","2014",128286,0,"✓"
"itunes-1612164256","Interaksi","Tulus","Galau Hits","2022",122190,0,"✓"
"itunes-918912463","Teman Hidup","Tulus","Galau Hits","2011",120051,0,"✓"
"itunes-823622721","Jangan Cintai Aku Apa Adanya","Tulus","Galau Hits","2014",118786,0,"✓"
"itunes-823622715","Sepatu","Tulus","Galau Hits","2014",109656,0,"✓"
"itunes-823622718","Gajah","Tulus","Galau Hits","2014",94629,0,"✓"
"itunes-918912453","Sewindu","Tulus","Galau Hits","2011",77633,0,"✓"
"itunes-1137907645","Ruang Sendiri","Tulus","Galau Hits","2016",71990,0,"✓"
"itunes-1137907715","Langit Abu-Abu","Tulus","Galau Hits","2016",64476,0,"✓"
"itunes-6764447294","Melayang","Ungu","Nostalgia 2000s","2005",156069,0,"✓"
"itunes-6764447170","Sejauh Mungkin","Ungu","Nostalgia 2000s","2005",123038,0,"✓"
"itunes-6764447775","Cinta Dalam Hati","Ungu","Nostalgia 2000s","2007",98812,0,"✓"
"itunes-6764447292","Seperti Yang Dulu","Ungu","Nostalgia 2000s","2005",90714,0,"✓"
"itunes-6764447777","Untukmu Selamanya","Ungu","Nostalgia 2000s","2007",80503,0,"✓"
"itunes-6764447486","Ku Ingin Selamanya","Ungu","Nostalgia 2000s","2009",63197,0,"✓"
"itunes-6764447167","Aku Bukan Pilihan Hatimu","Ungu","Nostalgia 2000s","2005",55672,0,"✓"
"itunes-6764447296","Ciuman Pertama","Ungu","Nostalgia 2000s","2005",47420,0,"✓"
"itunes-6764447482","Luka Disini","Ungu","Nostalgia 2000s","2009",40628,0,"✓"
"itunes-6764447483","Dilema Cinta","Ungu","Nostalgia 2000s","2009",38494,0,"✓"
"itunes-6764447293","Berikan Aku Cinta","Ungu","Nostalgia 2000s","2005",38242,0,"✓"
"itunes-6764447778","Waktu Yang Dinanti","Ungu","Nostalgia 2000s","2007",30939,0,"✓"
"itunes-6764447344","Saat Bahagia (feat. Andien)","Ungu","Nostalgia 2000s","2010",15956,0,"✓"
"itunes-6764447484","Hampa Hatiku","Ungu","Nostalgia 2000s","2009",15956,0,"✓"
"itunes-6764447171","Tercipta Untukku","Ungu","Nostalgia 2000s","2005",15879,0,"✓"
"itunes-6764447346","Dirimu Satu","Ungu","Nostalgia 2000s","2010",9647,0,"✓"
"itunes-6764447299","Ungu (Tak Terulang)","Ungu","Nostalgia 2000s","2005",3080,0,"✓"
"itunes-6764447345","Percaya Padaku","Ungu","Nostalgia 2000s","2010",0,0,"✓"
"itunes-1741697419","Ketahuan","Uut Permatasari","Pop Jawa & Koplo","2021",32652,0,"✓"
"itunes-1741697422","Tak Jujur","Uut Permatasari","Pop Jawa & Koplo","2021",25201,0,"✓"
"itunes-1741697115","Putri Panggung","Uut Permatasari","Pop Jawa & Koplo","2021",15928,0,"✓"
"itunes-1741697107","Gedung Tua","Uut Permatasari","Pop Jawa & Koplo","2021",8839,0,"✓"
"vidi-pelukmu-sementara-hatiku-selamanya","Pelukmu Sementara, Hatiku Selamanya","VIDI","Galau Hits","2025",100000,0,"✓"
"vidi-love-for-u-4u","love for u (❤️4U)","VIDI","Galau Hits","2023",100000,0,"✓"
"vidi-aku-cinta-dia","Aku Cinta Dia","VIDI","Galau Hits","2016",17938,0,"✓"
"vidi-senyumin-dulu-aja","Senyumin Dulu Aja","VIDI","Galau Hits","2024",290,0,"✓"
"itunes-1410037500","I Don't Mind","VIDI, Sheryl Sheinafia & Jevin Julian","Galau Hits","2018",273239,0,"✓"
"vagetoz-penyesalanku","Penyesalanku","Vagetoz","Nostalgia 2000s","2007",65079,0,"✓"
"vagetoz-kehadiranmu","Kehadiranmu","Vagetoz","Nostalgia 2000s","2007",44857,0,"✓"
"vagetoz-sesuatu-yang-beda","Sesuatu Yang Beda","Vagetoz","Nostalgia 2000s","2007",44857,0,"✓"
"vagetoz-ervina","Ervina","Vagetoz","Nostalgia 2000s","2007",43237,0,"✓"
"vagetoz-bam-betapa-aku-mencintaimu","(BAM) Betapa Aku Mencintaimu","Vagetoz","Nostalgia 2000s","2007",39744,0,"✓"
"vagetoz-saat-kau-pergi","Saat Kau Pergi","Vagetoz","Nostalgia 2000s","2007",38425,0,"✓"
"vagetoz-usai","Usai","Vagetoz","Nostalgia 2000s","2007",38425,0,"✓"
"vagetoz-pahit","Pahit","Vagetoz","Nostalgia 2000s","2007",37420,0,"✓"
"vagetoz-jauh","Jauh","Vagetoz","Nostalgia 2000s","2007",37420,0,"✓"
"vagetoz-selamat-ulang-tahun","Selamat Ulang Tahun","Vagetoz","Nostalgia 2000s","2007",25148,0,"✓"
"vagetoz-lelahku","Lelahku","Vagetoz","Nostalgia 2000s","2007",24952,0,"✓"
"vagetoz-kuatkan-aku","Kuatkan Aku","Vagetoz","Nostalgia 2000s","2008",21850,0,"✓"
"vagetoz-menuju-kemenangan","Menuju Kemenangan","Vagetoz","Nostalgia 2000s","2008",21762,0,"✓"
"vagetoz-kecewa","Kecewa","Vagetoz","Nostalgia 2000s","2007",19300,0,"✓"
"vagetoz-ku-ingin-engkau","Ku Ingin Engkau","Vagetoz","Nostalgia 2000s","2007",17872,0,"✓"
"itunes-1861815683","Sayang","Via Vallen","Pop Jawa & Koplo","2017",124433,0,"✓"
"itunes-1489578544","Pikir Keri","Via Vallen","Pop Jawa & Koplo","2019",100000,0,"✓"
"itunes-1881082449","Jerit Atiku","Via Vallen","Pop Jawa & Koplo","2018",100000,0,"✓"
"itunes-1861893637","Selow","Via Vallen","Pop Jawa & Koplo","2018",74018,0,"✓"
"itunes-1861815577","Meraih Bintang","Via Vallen","Pop Jawa & Koplo","2018",66036,0,"✓"
"itunes-1789332472","Meraih Bintang (Live)","Via Vallen","Pop Jawa & Koplo","2021",66036,0,"✓"
"itunes-1451574454","Juragan Empang","Via Vallen","Pop Jawa & Koplo","2019",63878,0,"✓"
"itunes-1861856855","Secawan Madu","Via Vallen","Pop Jawa & Koplo","2016",63870,0,"✓"
"itunes-1670395683","Bojo Galak","Via Vallen","Pop Jawa & Koplo","2017",39191,0,"✓"
"itunes-1451814589","Jaran Goyang","Via Vallen","Pop Jawa & Koplo","2016",33204,0,"✓"
"itunes-1552213412","Bagai Langit Dan Bumi","Via Vallen","Pop Jawa & Koplo","2018",31382,0,"✓"
"itunes-1861690513","Janji Putih (feat. Chevra Papinka)","Via Vallen","Pop Jawa & Koplo","2021",28160,0,"✓"
"itunes-1880970481","Aku Cah Kerjo","Via Vallen","Pop Jawa & Koplo","2018",25006,0,"✓"
"itunes-1451533618","Banyu Langit","Via Vallen","Pop Jawa & Koplo","2019",22003,0,"✓"
"itunes-1867194749","Salah Apa Aku (Koplo Version)","Via Vallen","Pop Jawa & Koplo","2019",21740,0,"✓"
"itunes-1446503787","Karna Su Sayang (Versi Dangdut Koplo)","Via Vallen","Pop Jawa & Koplo","2018",15877,0,"✓"
"itunes-1880838144","Selingkuh","Via Vallen","Pop Jawa & Koplo","2014",11528,0,"✓"
"itunes-1880816074","Ra Jodo","Via Vallen","Pop Jawa & Koplo","2018",9640,0,"✓"
"itunes-1861857112","Disana Menanti Disini Menunggu","Via Vallen","Pop Jawa & Koplo","2019",7921,0,"✓"
"itunes-1861758400","Pamer Bojo","Via Vallen","Pop Jawa & Koplo","2019",1493,0,"✓"
"itunes-1861681655","Dalan Liyane","Via Vallen","Pop Jawa & Koplo","2020",0,0,"✓"
"itunes-1518752507","Tanpamu","Vierratale","Galau Hits","2020",28706,0,"✓"
"itunes-1518752150","Cinta Butuh Waktu","Vierratale","Galau Hits","2020",26700,0,"✓"
"itunes-1572255989","Ghosting","Vierratale","Galau Hits","2021",26086,0,"✓"
"itunes-1518752664","Perjuangan","Vierratale","Galau Hits","2020",26037,0,"✓"
"itunes-1517561217","Keke Bukan Boneka","Vierratale","Galau Hits","2020",25242,0,"✓"
"itunes-1518751979","Evolve","Vierratale","Galau Hits","2020",21839,0,"✓"
"itunes-1518752675","Yang Ku Mau","Vierratale","Galau Hits","2020",21541,0,"✓"
"itunes-1518752164","Bisnis Cinta","Vierratale","Galau Hits","2020",21146,0,"✓"
"itunes-1518753084","Tak Bisa Move On","Vierratale","Galau Hits","2020",20963,0,"✓"
"itunes-1518752156","Mengalah","Vierratale","Galau Hits","2020",17835,0,"✓"
"itunes-1518752142","Girl Next Door","Vierratale","Galau Hits","2020",15229,0,"✓"
"itunes-1518752668","Tinggalkanku","Vierratale","Galau Hits","2020",7839,0,"✓"
"itunes-1518752653","Faith","Vierratale","Galau Hits","2020",1243,0,"✓"
"itunes-1173428745","Dengarkan Curhatku","Vierratale","Galau Hits","2009",0,0,"✓"
"itunes-1174274943","Jadi Yang Kuinginkan","Vierratale","Galau Hits","2009",0,0,"✓"
"itunes-1882385863","Surat Cinta Untuk Starla","Virgoun","Galau Hits","2016",100000,0,"✓"
"itunes-1882382007","Move On","Virgoun","Galau Hits","2018",53654,0,"✓"
"itunes-1882317151","Saat Kau Telah Mengerti","Virgoun","Galau Hits","2023",0,0,"✓"
"itunes-1882285189","Bukti","Virgoun","Galau Hits","2017",0,0,"✓"
"itunes-1882725936","Surat Cinta Untuk Starla (New Version)","Virgoun","Galau Hits","2017",0,0,"✓"
"itunes-1882724047","Orang Yang Sama","Virgoun","Galau Hits","2021",0,0,"✓"
"itunes-1882318086","Saat Hatiku Bertanya","Virgoun","Galau Hits","2018",0,0,"✓"
"itunes-1882698620","Titik Balik di Hidupku","Virgoun","Galau Hits","2019",0,0,"✓"
"itunes-1882639916","Selamat (Selamat Tinggal) [feat. Audy]","Virgoun","Galau Hits","2018",0,0,"✓"
"itunes-1882693207","Roman Picisan","Virgoun","Galau Hits","2021",0,0,"✓"
"itunes-1882725582","Surat Cinta Untuk Starla (Puisi)","Virgoun","Galau Hits","2017",0,0,"✓"
"itunes-1878094447","Tak Setara","Virgoun","Galau Hits","2026",0,0,"✓"
"itunes-1882699680","Maha Pemilik Hati","Virgoun & Last Child","Galau Hits","2018",0,0,"✓"
"vision-of-disorder-element","Element","Vision of Disorder","Nostalgia 2000s","1996",166843,0,"✓"
"itunes-1592104863","Shining (feat. Raisa)","Visit Qatar","Galau Hits","2021",115065,0,"✓"
"vita-alvia-sajojo","Sajojo","Vita Alvia","Pop Jawa & Koplo","2019",32117,0,"✓"
"vita-alvia-kasih-slow-feat-mona-latumahina-cathy-rahakbauw","Kasih Slow (feat. Mona Latumahina & Cathy Rahakbauw)","Vita Alvia","Pop Jawa & Koplo","2019",28384,0,"✓"
"vita-alvia-kopi-dangdut","Kopi Dangdut","Vita Alvia","Pop Jawa & Koplo","2020",26609,0,"✓"
"vita-alvia-ninu-ninu-ninu","Ninu Ninu Ninu","Vita Alvia","Pop Jawa & Koplo","2022",25740,0,"✓"
"vita-alvia-hareudang","Hareudang","Vita Alvia","Pop Jawa & Koplo","2020",22102,0,"✓"
"vita-alvia-yang-penting-hepi","Yang Penting Hepi","Vita Alvia","Pop Jawa & Koplo","2020",21212,0,"✓"
"vita-alvia-ku-puja-puja","Ku Puja Puja","Vita Alvia","Pop Jawa & Koplo","2020",15480,0,"✓"
"vita-alvia-goyang-dayung-remix","Goyang Dayung (Remix)","Vita Alvia","Pop Jawa & Koplo","2023",15301,0,"✓"
"vita-alvia-pantun-janda","Pantun Janda","Vita Alvia","Pop Jawa & Koplo","2023",3095,0,"✓"
"itunes-1696566037","SANES (feat. Gilga Sahid)","Vivi Artika","Pop Jawa & Koplo","2023",68482,0,"✓"
"westlife-if-i-let-you-go-radio-edit","If I Let You Go (Radio Edit)","Westlife","Western Hits","1999",530394,0,"✓"
"westlife-when-you-re-looking-like-that-single-remix","When You're Looking Like That (Single Remix)","Westlife","Western Hits","2001",527366,0,"✓"
"westlife-flying-without-wings","Flying Without Wings","Westlife","Western Hits","1999",508561,0,"✓"
"westlife-swear-it-again-radio-edit","Swear It Again (Radio Edit)","Westlife","Western Hits","1999",451060,0,"✓"
"westlife-i-wanna-grow-old-with-you","I Wanna Grow Old with You","Westlife","Western Hits","2001",448743,0,"✓"
"westlife-queen-of-my-heart-radio-edit","Queen of My Heart (Radio Edit)","Westlife","Western Hits","2001",425903,0,"✓"
"westlife-i-lay-my-love-on-you-remix","I Lay My Love On You (Remix)","Westlife","Western Hits","2000",413586,0,"✓"
"westlife-soledad","Soledad","Westlife","Western Hits","2000",359377,0,"✓"
"westlife-i-ll-see-you-again","I'll See You Again","Westlife","Western Hits","2009",335153,0,"✓"
"westlife-fool-again","Fool Again","Westlife","Western Hits","1999",292328,0,"✓"
"westlife-hello-my-love","Hello My Love","Westlife","Western Hits","2019",161197,0,"✓"
"westlife-you-raise-me-up","You Raise Me Up","Westlife","Western Hits","2005",131384,0,"✓"
"westlife-total-eclipse-of-the-heart","Total Eclipse of the Heart","Westlife","Western Hits","2006",122921,0,"✓"
"westlife-seasons-in-the-sun","Seasons In the Sun","Westlife","Western Hits","1999",11607,0,"✓"
"itunes-1640793116","Teenage Dirtbag","Wheatus","Nostalgia 2000s","2000",829365,0,"✓"
"itunes-1743393242","Kisah dari Selatan Jakarta (Remastered 2023)","White Shoes & The Couples Company","Nostalgia 2000s","2011",77568,0,"✓"
"itunes-1743393233","Senandung Maaf (Remastered 2023)","White Shoes & The Couples Company","Nostalgia 2000s","2023",75133,0,"✓"
"itunes-1743393236","Topstar (Remastered 2023)","White Shoes & The Couples Company","Nostalgia 2000s","2023",68219,0,"✓"
"itunes-1743393238","Roman Ketiga (Remastered 2023)","White Shoes & The Couples Company","Nostalgia 2000s","2023",40215,0,"✓"
"itunes-1743393239","Senja Menggila (Remastered 2023)","White Shoes & The Couples Company","Nostalgia 2000s","2023",37781,0,"✓"
"itunes-1743393243","Matahari (Remastered 2023)","White Shoes & The Couples Company","Nostalgia 2000s","2023",35258,0,"✓"
"itunes-1578207994","Irama Cita (Radio Version)","White Shoes & The Couples Company","Nostalgia 2000s","2020",25858,0,"✓"
"itunes-1746736633","Irama Cita (Radio Edit Version)","White Shoes & The Couples Company","Nostalgia 2000s","2020",25858,0,"✓"
"itunes-1577194487","Folklor","White Shoes & The Couples Company","Nostalgia 2000s","2021",24924,0,"✓"
"itunes-1743393241","Vakansi (feat. Oele Pattiselanno) [Remastered 2023]","White Shoes & The Couples Company","Nostalgia 2000s","2023",22433,0,"✓"
"itunes-1743393235","Tentang Cita (Remastered 2023)","White Shoes & The Couples Company","Nostalgia 2000s","2023",21269,0,"✓"
"itunes-260577031","Tentang Cita","White Shoes & The Couples Company","Nostalgia 2000s","2005",21269,0,"✓"
"itunes-1743393234","Windu & Defrina (Remastered 2023)","White Shoes & The Couples Company","Nostalgia 2000s","2005",19722,0,"✓"
"itunes-267722050","Windu & Defrina","White Shoes & The Couples Company","Nostalgia 2000s","2005",19722,0,"✓"
"itunes-1206112479","Masa Remadja (Remastered)","White Shoes & The Couples Company","Nostalgia 2000s","2011",11623,0,"✓"
"itunes-1743393240","Masa Remadja (Remastered 2023)","White Shoes & The Couples Company","Nostalgia 2000s","2023",11623,0,"✓"
"itunes-1746736893","Hidup Hanya Sekali","White Shoes & The Couples Company","Nostalgia 2000s","2021",8858,0,"✓"
"itunes-1743393237","Super Reuni (Remastered 2023)","White Shoes & The Couples Company","Nostalgia 2000s","2023",5785,0,"✓"
"itunes-263559967","Si Mesin Waktu","White Shoes & The Couples Company","Nostalgia 2000s","2007",0,0,"✓"
"itunes-1886640756","Bulan Bintang, Garis Menyilang","Wijaya 80 & Sal Priadi","Galau Hits","2026",78220,0,"✓"
"itunes-966411602","See You Again (feat. Charlie Puth)","Wiz Khalifa","Western Hits","2015",862019,0,"✓"
"itunes-1533273326","Écoutez-nous (feat. Keny Arkana)","Yaniss Odua","Nostalgia 2000s","2017",540624,0,"✓"
"itunes-6815060668","You Broke Me Too (feat. Avril Lavigne)","Yellowcard & Avril Lavigne","Western Hits","2026",478799,0,"✓"
"yeni-inka-angel","Angel","Yeni Inka","Pop Jawa & Koplo","2021",130357,0,"✓"
"yeni-inka-lemah-teles-feat-new-pallapa-official","Lemah Teles (feat. New Pallapa Official)","Yeni Inka","Pop Jawa & Koplo","2021",100000,0,"✓"
"yeni-inka-bila-nanti","Bila Nanti","Yeni Inka","Pop Jawa & Koplo","2022",99584,0,"✓"
"yeni-inka-hati-siapa-tak-luka","Hati Siapa Tak Luka","Yeni Inka","Pop Jawa & Koplo","2021",22583,0,"✓"
"yeni-inka-rungkad-feat-farel-prayoga","Rungkad (feat. Farel Prayoga)","Yeni Inka","Pop Jawa & Koplo","2023",18718,0,"✓"
"yeni-inka-alun-alun-nganjuk-feat-fendik-adella","Alun Alun Nganjuk (feat. Fendik Adella)","Yeni Inka","Pop Jawa & Koplo","2021",3429,0,"✓"
"yeni-inka-i-love-mama-mantu","I love Mama Mantu","Yeni Inka","Pop Jawa & Koplo","2022",2488,0,"✓"
"yeni-inka-joko-tingkir","Joko Tingkir","Yeni Inka","Pop Jawa & Koplo","2022",2157,0,"✓"
"yeni-inka-happy-asmara-denny-caknan-bojo-loro-live","Bojo Loro (Live)","Yeni Inka, Happy Asmara & Denny Caknan","Pop Jawa & Koplo","2022",68052,0,"✓"
"itunes-307679181","Menjaga Hati","Yovie & Nuno","Galau Hits","2007",213625,0,"✓"
"itunes-387958232","Mengejar Mimpi","Yovie & Nuno","Galau Hits","2010",182850,0,"✓"
"itunes-844602049","Tanpa Cinta","Yovie & Nuno","Galau Hits","2014",182383,0,"✓"
"itunes-307679182","Janji Suci","Yovie & Nuno","Galau Hits","2007",146723,0,"✓"
"itunes-387958222","Manusia Biasa (CLB)","Yovie & Nuno","Galau Hits","2010",119603,0,"✓"
"itunes-307679144","Dia Milikku","Yovie & Nuno","Galau Hits","2007",103725,0,"✓"
"itunes-387958211","Sampai Akhir Waktu","Yovie & Nuno","Galau Hits","2010",90913,0,"✓"
"itunes-307679207","Sempat Memiliki","Yovie & Nuno","Galau Hits","2007",71132,0,"✓"
"itunes-307679187","Ku Tak Suka Lagu Ini","Yovie & Nuno","Galau Hits","2007",48578,0,"✓"
"itunes-1450654431","Demi Hati","Yovie & Nuno","Galau Hits","2019",42396,0,"✓"
"itunes-307679183","Bunga Jiwaku","Yovie & Nuno","Galau Hits","2007",33355,0,"✓"
"itunes-387958224","Merindu Lagi (Pada Kekasih Orang)","Yovie & Nuno","Galau Hits","2010",33280,0,"✓"
"itunes-387958210","Tak Setampan Romeo","Yovie & Nuno","Galau Hits","2010",30468,0,"✓"
"itunes-844602042","Sakit Hati","Yovie & Nuno","Galau Hits","2014",29157,0,"✓"
"itunes-307679188","Sejuta Cinta","Yovie & Nuno","Galau Hits","2007",26598,0,"✓"
"itunes-326504275","Maukah Denganku","Yovie & Nuno","Galau Hits","2001",22170,0,"✓"
"itunes-1773024685","Yang Baru","Yovie & Nuno","Galau Hits","2024",21954,0,"✓"
"itunes-326504274","Indah, Kuingat Dirimu","Yovie & Nuno","Galau Hits","2001",19599,0,"✓"
"itunes-307679196","Jalan Diam - Diam","Yovie & Nuno","Galau Hits","2007",18468,0,"✓"
"itunes-844602040","Tergoda Bidadari","Yovie & Nuno","Galau Hits","2014",17419,0,"✓"
"itunes-1657383377","Misal","Yovie & Nuno","Galau Hits","2022",11559,0,"✓"
"itunes-307679184","Seperti Bintang","Yovie & Nuno","Galau Hits","2007",10173,0,"✓"
"itunes-326519762","Inginku Bukan Hanya Jadi Temanmu (Qu'une Amie')","Yovie & Nuno","Galau Hits","2004",0,0,"✓"
"itunes-326519755","Lebih Dekat Denganmu, Nanti (Juwita)","Yovie & Nuno","Galau Hits","2004",0,0,"✓"
"itunes-1764997963","Watak Utama","Yuna & Bunga Citra Lestari","Galau Hits","2024",3067,0,"✓"
"itunes-1664662243","Jalan Pulang","Yura Yunita","Galau Hits","2023",91379,0,"✓"
"itunes-1797809221","Tanda","Yura Yunita","Galau Hits","2025",75891,0,"✓"
"itunes-1435188518","Buka Hati","Yura Yunita","Galau Hits","2018",70338,0,"✓"
"itunes-1586629016","Bandung","Yura Yunita","Galau Hits","2021",53341,0,"✓"
"itunes-1557430661","Tenang","Yura Yunita","Galau Hits","2021",51918,0,"✓"
"itunes-1136678790","Intuisi","Yura Yunita","Galau Hits","2016",39850,0,"✓"
"itunes-1586629467","Hoolala","Yura Yunita","Galau Hits","2020",25904,0,"✓"
"itunes-1079713336","Kasih Jangan Kau Pergi (From "I Am Hope")","Yura Yunita","Galau Hits","2016",25858,0,"✓"
"itunes-1474238165","Get Along with You (Studio Live Version)","Yura Yunita","Galau Hits","2019",17968,0,"✓"
"itunes-1586629450","Sudut Memori","Yura Yunita","Galau Hits","2021",13006,0,"✓"
"itunes-1435188873","Merakit","Yura Yunita","Galau Hits","2018",11577,0,"✓"
"itunes-1272170001","Buktikan","Yura Yunita","Galau Hits","2017",9226,0,"✓"
"itunes-1586629460","Duhai Sayang","Yura Yunita","Galau Hits","2020",6909,0,"✓"
"itunes-1577193057","Kangen","Yura Yunita & Dewa 19","Galau Hits","2021",40313,0,"✓"
"itunes-1649858672","By My Side (feat. Tiara Andini)","Zack Tabudlo","Galau Hits","2022",115627,0,"✓"
"itunes-1740175716","Paijo (feat. Dinda Permata)","Zaskia Gotik","Pop Jawa & Koplo","2021",244938,0,"✓"
"itunes-1740175960","Bang Jono","Zaskia Gotik","Pop Jawa & Koplo","2021",71298,0,"✓"
"itunes-1740175963","1 Jam","Zaskia Gotik","Pop Jawa & Koplo","2021",36138,0,"✓"
"itunes-1740176537","Bye Bye Lagi","Zaskia Gotik","Pop Jawa & Koplo","2021",25139,0,"✓"
"itunes-1740175948","Cukup 1 Menit","Zaskia Gotik","Pop Jawa & Koplo","2021",22154,0,"✓"
"itunes-1740176291","Ayo Turu","Zaskia Gotik","Pop Jawa & Koplo","2021",22040,0,"✓"
"itunes-1740175704","Tarik Selimut","Zaskia Gotik","Pop Jawa & Koplo","2021",21031,0,"✓"
"itunes-1740176287","Sudah Cukup Sudah","Zaskia Gotik","Pop Jawa & Koplo","2021",17901,0,"✓"
"itunes-1740175940","Sisa Semalam","Zaskia Gotik","Pop Jawa & Koplo","2021",8795,0,"✓"
"itunes-1740175713","Ajari Aku Tuhan","Zaskia Gotik","Pop Jawa & Koplo","2021",2481,0,"✓"
"blink-182-all-the-small-things","All the Small Things","blink-182","Western Hits","1999",845983,0,"✓"
"blink-182-i-miss-you","I Miss You","blink-182","Western Hits","2003",783602,0,"✓"
"blink-182-first-date","First Date","blink-182","Western Hits","2001",733869,0,"✓"
"blink-182-adam-s-song","Adam's Song","blink-182","Western Hits","1999",703155,0,"✓"
"blink-182-one-more-time","ONE MORE TIME","blink-182","Western Hits","2023",641543,0,"✓"
"blink-182-stay-together-for-the-kids","Stay Together for the Kids","blink-182","Western Hits","2001",636679,0,"✓"
"blink-182-always","Always","blink-182","Western Hits","2003",621185,0,"✓"
"blink-182-she-s-out-of-her-mind","She's Out of Her Mind","blink-182","Western Hits","2016",579608,0,"✓"
"blink-182-bored-to-death","Bored to Death","blink-182","Western Hits","2016",537507,0,"✓"
"eaj-hindia-right-where-you-left-me","Right Where You Left Me","eaJ & Hindia","Galau Hits","2024",180825,0,"✓"
"itunes-1856019854","Sore (Adore)","fenix","Nostalgia 2000s","2025",512368,0,"✓"
"itunes-1682370816","Seroja (feat. Ugoran Prasad) [Live At Teater Garasi]","hara","Nostalgia 2000s","2023",25856,0,"✓"
"itunes-1715637063","Five","iwrotehaikusaboutcannibalisminyouryearbook","Nostalgia 2000s","2009",91681,0,"✓"
"itunes-1660745823","Shiny Roxx","jmancurly","Nostalgia 2000s","2022",65565,0,"✓"
"itunes-1791474413","noah","orange flavored cigarettes","Nostalgia 2000s","2022",32277,0,"✓"
"itunes-1442823431","Scream & Shout (feat. Britney Spears)","will.i.am","Western Hits","2012",937895,0,"✓"
"itunes-1869193535","BBB (feat. MILLI)","周震南","Nostalgia 2000s","2025",30471,0,"✓"